applicant_id,checking_status,duration_months,credit_history,purpose,credit_amount,savings,employment_since,installment_rate,personal_status,other_debtors,residence_since,property,age,other_installment_plans,housing,existing_credits,job,num_dependents,telephone,foreign_worker,gender,age_group,default
1,< 0 DM,6,Critical account / other credits,Radio / television,1169,Unknown / no savings,>= 7 years,4,Male: single,No other debtors,4,Real estate,67,No other plans,Own,2,Skilled employee,1,Yes,Yes,Male,25 and over,0
2,0-200 DM,48,Existing credits paid duly,Radio / television,5951,< 100 DM,1-4 years,2,Female: divorced/separated/married,No other debtors,2,Real estate,22,No other plans,Own,1,Skilled employee,1,No,Yes,Female,Under 25,1
3,No checking account,12,Critical account / other credits,Education,2096,< 100 DM,4-7 years,2,Male: single,No other debtors,3,Real estate,49,No other plans,Own,1,Unskilled resident,2,No,Yes,Male,25 and over,0
4,< 0 DM,42,Existing credits paid duly,Furniture / equipment,7882,< 100 DM,4-7 years,2,Male: single,Guarantor,4,Building society savings / life insurance,45,No other plans,For free,1,Skilled employee,2,No,Yes,Male,25 and over,0
5,< 0 DM,24,Delay in paying in the past,Car (new),4870,< 100 DM,1-4 years,3,Male: single,No other debtors,4,Unknown / no property,53,No other plans,For free,2,Skilled employee,2,No,Yes,Male,25 and over,1
6,No checking account,36,Existing credits paid duly,Education,9055,Unknown / no savings,1-4 years,2,Male: single,No other debtors,4,Unknown / no property,35,No other plans,For free,1,Unskilled resident,2,Yes,Yes,Male,25 and over,0
7,No checking account,24,Existing credits paid duly,Furniture / equipment,2835,500-1000 DM,>= 7 years,3,Male: single,No other debtors,4,Building society savings / life insurance,53,No other plans,Own,1,Skilled employee,1,No,Yes,Male,25 and over,0
8,0-200 DM,36,Existing credits paid duly,Car (used),6948,< 100 DM,1-4 years,2,Male: single,No other debtors,2,Car or other,35,No other plans,Rent,1,Management / self-employed / highly qualified,1,Yes,Yes,Male,25 and over,0
9,No checking account,12,Existing credits paid duly,Radio / television,3059,>= 1000 DM,4-7 years,2,Male: divorced/separated,No other debtors,4,Real estate,61,No other plans,Own,1,Unskilled resident,1,No,Yes,Male,25 and over,0
10,0-200 DM,30,Critical account / other credits,Car (new),5234,< 100 DM,Unemployed,4,Male: married/widowed,No other debtors,2,Car or other,28,No other plans,Own,2,Management / self-employed / highly qualified,1,No,Yes,Male,25 and over,1
11,0-200 DM,12,Existing credits paid duly,Car (new),1295,< 100 DM,< 1 year,3,Female: divorced/separated/married,No other debtors,1,Car or other,25,No other plans,Rent,1,Skilled employee,1,No,Yes,Female,25 and over,1
12,< 0 DM,48,Existing credits paid duly,Business,4308,< 100 DM,< 1 year,3,Female: divorced/separated/married,No other debtors,4,Building society savings / life insurance,24,No other plans,Rent,1,Skilled employee,1,No,Yes,Female,Under 25,1
13,0-200 DM,12,Existing credits paid duly,Radio / television,1567,< 100 DM,1-4 years,1,Female: divorced/separated/married,No other debtors,1,Car or other,22,No other plans,Own,1,Skilled employee,1,Yes,Yes,Female,Under 25,0
14,< 0 DM,24,Critical account / other credits,Car (new),1199,< 100 DM,>= 7 years,4,Male: single,No other debtors,4,Car or other,60,No other plans,Own,2,Unskilled resident,1,No,Yes,Male,25 and over,1
15,< 0 DM,15,Existing credits paid duly,Car (new),1403,< 100 DM,1-4 years,2,Female: divorced/separated/married,No other debtors,4,Car or other,28,No other plans,Rent,1,Skilled employee,1,No,Yes,Female,25 and over,0
16,< 0 DM,24,Existing credits paid duly,Radio / television,1282,100-500 DM,1-4 years,4,Female: divorced/separated/married,No other debtors,2,Car or other,32,No other plans,Own,1,Unskilled resident,1,No,Yes,Female,25 and over,1
17,No checking account,24,Critical account / other credits,Radio / television,2424,Unknown / no savings,>= 7 years,4,Male: single,No other debtors,4,Building society savings / life insurance,53,No other plans,Own,2,Skilled employee,1,No,Yes,Male,25 and over,0
18,< 0 DM,30,No credits / all paid duly,Business,8072,Unknown / no savings,< 1 year,2,Male: single,No other debtors,3,Car or other,25,Bank,Own,3,Skilled employee,1,No,Yes,Male,25 and over,0
19,0-200 DM,24,Existing credits paid duly,Car (used),12579,< 100 DM,>= 7 years,4,Female: divorced/separated/married,No other debtors,2,Unknown / no property,44,No other plans,For free,1,Management / self-employed / highly qualified,1,Yes,Yes,Female,25 and over,1
20,No checking account,24,Existing credits paid duly,Radio / television,3430,500-1000 DM,>= 7 years,3,Male: single,No other debtors,2,Car or other,31,No other plans,Own,1,Skilled employee,2,Yes,Yes,Male,25 and over,0
21,No checking account,9,Critical account / other credits,Car (new),2134,< 100 DM,1-4 years,4,Male: single,No other debtors,4,Car or other,48,No other plans,Own,3,Skilled employee,1,Yes,Yes,Male,25 and over,0
22,< 0 DM,6,Existing credits paid duly,Radio / television,2647,500-1000 DM,1-4 years,2,Male: single,No other debtors,3,Real estate,44,No other plans,Rent,1,Skilled employee,2,No,Yes,Male,25 and over,0
23,< 0 DM,10,Critical account / other credits,Car (new),2241,< 100 DM,< 1 year,1,Male: single,No other debtors,3,Real estate,48,No other plans,Rent,2,Unskilled resident,2,No,No,Male,25 and over,0
24,0-200 DM,12,Critical account / other credits,Car (used),1804,100-500 DM,< 1 year,3,Male: single,No other debtors,4,Building society savings / life insurance,44,No other plans,Own,1,Skilled employee,1,No,Yes,Male,25 and over,0
25,No checking account,10,Critical account / other credits,Furniture / equipment,2069,Unknown / no savings,1-4 years,2,Male: married/widowed,No other debtors,1,Car or other,26,No other plans,Own,2,Skilled employee,1,No,No,Male,25 and over,0
26,< 0 DM,6,Existing credits paid duly,Furniture / equipment,1374,< 100 DM,1-4 years,1,Male: single,No other debtors,2,Real estate,36,Bank,Own,1,Unskilled resident,1,Yes,Yes,Male,25 and over,0
27,No checking account,6,No credits / all paid duly,Radio / television,426,< 100 DM,>= 7 years,4,Male: married/widowed,No other debtors,4,Car or other,39,No other plans,Own,1,Unskilled resident,1,No,Yes,Male,25 and over,0
28,>= 200 DM,12,All credits at this bank paid duly,Radio / television,409,>= 1000 DM,1-4 years,3,Female: divorced/separated/married,No other debtors,3,Real estate,42,No other plans,Rent,2,Skilled employee,1,No,Yes,Female,25 and over,0
29,0-200 DM,7,Existing credits paid duly,Radio / television,2415,< 100 DM,1-4 years,3,Male: single,Guarantor,2,Real estate,34,No other plans,Own,1,Skilled employee,1,No,Yes,Male,25 and over,0
30,< 0 DM,60,Delay in paying in the past,Business,6836,< 100 DM,>= 7 years,3,Male: single,No other debtors,4,Unknown / no property,63,No other plans,Own,2,Skilled employee,1,Yes,Yes,Male,25 and over,1
31,0-200 DM,18,Existing credits paid duly,Business,1913,>= 1000 DM,< 1 year,3,Male: married/widowed,No other debtors,3,Real estate,36,Bank,Own,1,Skilled employee,1,Yes,Yes,Male,25 and over,0
32,< 0 DM,24,Existing credits paid duly,Furniture / equipment,4020,< 100 DM,1-4 years,2,Male: single,No other debtors,2,Car or other,27,Stores,Own,1,Skilled employee,1,No,Yes,Male,25 and over,0
33,0-200 DM,18,Existing credits paid duly,Car (new),5866,100-500 DM,1-4 years,2,Male: single,No other debtors,2,Car or other,30,No other plans,Own,2,Skilled employee,1,Yes,Yes,Male,25 and over,0
34,No checking account,12,Critical account / other credits,Business,1264,Unknown / no savings,>= 7 years,4,Male: single,No other debtors,4,Unknown / no property,57,No other plans,Rent,1,Unskilled resident,1,No,Yes,Male,25 and over,0
35,>= 200 DM,12,Existing credits paid duly,Furniture / equipment,1474,< 100 DM,< 1 year,4,Female: divorced/separated/married,No other debtors,1,Building society savings / life insurance,33,Bank,Own,1,Management / self-employed / highly qualified,1,Yes,Yes,Female,25 and over,0
36,0-200 DM,45,Critical account / other credits,Radio / television,4746,< 100 DM,< 1 year,4,Male: single,No other debtors,2,Building society savings / life insurance,25,No other plans,Own,2,Unskilled resident,1,No,Yes,Male,25 and over,1
37,No checking account,48,Critical account / other credits,Education,6110,< 100 DM,1-4 years,1,Male: single,No other debtors,3,Unknown / no property,31,Bank,For free,1,Skilled employee,1,Yes,Yes,Male,25 and over,0
38,>= 200 DM,18,Existing credits paid duly,Radio / television,2100,< 100 DM,1-4 years,4,Male: single,Co-applicant,2,Real estate,37,Stores,Own,1,Skilled employee,1,No,Yes,Male,25 and over,1
39,>= 200 DM,10,Existing credits paid duly,Domestic appliances,1225,< 100 DM,1-4 years,2,Male: single,No other debtors,2,Car or other,37,No other plans,Own,1,Skilled employee,1,Yes,Yes,Male,25 and over,0
40,0-200 DM,9,Existing credits paid duly,Radio / television,458,< 100 DM,1-4 years,4,Male: single,No other debtors,3,Real estate,24,No other plans,Own,1,Skilled employee,1,No,Yes,Male,Under 25,0
41,No checking account,30,Existing credits paid duly,Radio / television,2333,500-1000 DM,>= 7 years,4,Male: single,No other debtors,2,Car or other,30,Bank,Own,1,Management / self-employed / highly qualified,1,No,Yes,Male,25 and over,0
42,0-200 DM,12,Existing credits paid duly,Radio / television,1158,500-1000 DM,1-4 years,3,Male: divorced/separated,No other debtors,1,Car or other,26,No other plans,Own,1,Skilled employee,1,Yes,Yes,Male,25 and over,0
43,0-200 DM,18,Delay in paying in the past,Repairs,6204,< 100 DM,1-4 years,2,Male: single,No other debtors,4,Real estate,44,No other plans,Own,1,Unskilled resident,2,Yes,Yes,Male,25 and over,0
44,< 0 DM,30,Critical account / other credits,Car (used),6187,100-500 DM,4-7 years,1,Male: married/widowed,No other debtors,4,Car or other,24,No other plans,Rent,2,Skilled employee,1,No,Yes,Male,Under 25,0
45,< 0 DM,48,Critical account / other credits,Car (used),6143,< 100 DM,>= 7 years,4,Female: divorced/separated/married,No other debtors,4,Unknown / no property,58,Stores,For free,2,Unskilled resident,1,No,Yes,Female,25 and over,1
46,No checking account,11,Critical account / other credits,Car (new),1393,< 100 DM,< 1 year,4,Female: divorced/separated/married,No other debtors,4,Car or other,35,No other plans,Own,2,Management / self-employed / highly qualified,1,No,Yes,Female,25 and over,0
47,No checking account,36,Existing credits paid duly,Radio / television,2299,500-1000 DM,>= 7 years,4,Male: single,No other debtors,4,Car or other,39,No other plans,Own,1,Skilled employee,1,No,Yes,Male,25 and over,0
48,< 0 DM,6,Existing credits paid duly,Car (used),1352,500-1000 DM,Unemployed,1,Female: divorced/separated/married,No other debtors,2,Building society savings / life insurance,23,No other plans,Rent,1,Unemployed / unskilled non-resident,1,Yes,Yes,Female,Under 25,0
49,No checking account,11,Critical account / other credits,Car (new),7228,< 100 DM,1-4 years,1,Male: single,No other debtors,4,Building society savings / life insurance,39,No other plans,Own,2,Unskilled resident,1,No,Yes,Male,25 and over,0
50,No checking account,12,Existing credits paid duly,Radio / television,2073,100-500 DM,1-4 years,4,Female: divorced/separated/married,Co-applicant,2,Real estate,28,No other plans,Own,1,Skilled employee,1,No,Yes,Female,25 and over,0
51,0-200 DM,24,Delay in paying in the past,Furniture / equipment,2333,Unknown / no savings,< 1 year,4,Male: single,No other debtors,2,Building society savings / life insurance,29,Bank,Own,1,Unskilled resident,1,No,Yes,Male,25 and over,0
52,0-200 DM,27,Delay in paying in the past,Car (used),5965,< 100 DM,>= 7 years,1,Male: single,No other debtors,2,Car or other,30,No other plans,Own,2,Management / self-employed / highly qualified,1,Yes,Yes,Male,25 and over,0
53,No checking account,12,Existing credits paid duly,Radio / television,1262,< 100 DM,1-4 years,3,Male: single,No other debtors,2,Car or other,25,No other plans,Own,1,Skilled employee,1,No,Yes,Male,25 and over,0
54,No checking account,18,Existing credits paid duly,Car (used),3378,Unknown / no savings,1-4 years,2,Male: single,No other debtors,1,Building society savings / life insurance,31,No other plans,Own,1,Skilled employee,1,Yes,Yes,Male,25 and over,0
55,0-200 DM,36,Delay in paying in the past,Car (new),2225,< 100 DM,>= 7 years,4,Male: single,No other debtors,4,Unknown / no property,57,Bank,For free,2,Skilled employee,1,Yes,Yes,Male,25 and over,1
56,No checking account,6,All credits at this bank paid duly,Car (new),783,Unknown / no savings,1-4 years,1,Male: single,Guarantor,2,Real estate,26,Stores,Own,1,Unskilled resident,2,No,Yes,Male,25 and over,0
57,0-200 DM,12,Existing credits paid duly,Radio / television,6468,Unknown / no savings,Unemployed,2,Male: single,No other debtors,1,Unknown / no property,52,No other plans,Own,1,Management / self-employed / highly qualified,1,Yes,Yes,Male,25 and over,1
58,No checking account,36,Critical account / other credits,Radio / television,9566,< 100 DM,1-4 years,2,Female: divorced/separated/married,No other debtors,2,Car or other,31,Stores,Own,2,Skilled employee,1,No,Yes,Female,25 and over,0
59,>= 200 DM,18,Existing credits paid duly,Car (new),1961,< 100 DM,>= 7 years,3,Female: divorced/separated/married,No other debtors,2,Car or other,23,No other plans,Own,1,Management / self-employed / highly qualified,1,No,Yes,Female,Under 25,0
60,< 0 DM,36,Critical account / other credits,Furniture / equipment,6229,< 100 DM,< 1 year,4,Female: divorced/separated/married,Co-applicant,4,Unknown / no property,23,No other plans,Rent,2,Unskilled resident,1,Yes,Yes,Female,Under 25,1
61,0-200 DM,9,Existing credits paid duly,Business,1391,< 100 DM,1-4 years,2,Male: married/widowed,No other debtors,1,Real estate,27,Bank,Own,1,Skilled employee,1,Yes,Yes,Male,25 and over,0
62,0-200 DM,15,Critical account / other credits,Radio / television,1537,Unknown / no savings,>= 7 years,4,Male: single,Guarantor,4,Real estate,50,No other plans,Own,2,Skilled employee,1,Yes,Yes,Male,25 and over,0
63,0-200 DM,36,No credits / all paid duly,Business,1953,< 100 DM,>= 7 years,4,Male: single,No other debtors,4,Unknown / no property,61,No other plans,For free,1,Management / self-employed / highly qualified,1,Yes,Yes,Male,25 and over,1
64,0-200 DM,48,No credits / all paid duly,Business,14421,< 100 DM,1-4 years,2,Male: single,No other debtors,2,Car or other,25,No other plans,Own,1,Skilled employee,1,Yes,Yes,Male,25 and over,1
65,No checking account,24,Existing credits paid duly,Radio / television,3181,< 100 DM,< 1 year,4,Female: divorced/separated/married,No other debtors,4,Building society savings / life insurance,26,No other plans,Own,1,Skilled employee,1,Yes,Yes,Female,25 and over,0
66,No checking account,27,Existing credits paid duly,Repairs,5190,Unknown / no savings,>= 7 years,4,Male: single,No other debtors,4,Building society savings / life insurance,48,No other plans,Own,4,Skilled employee,2,Yes,Yes,Male,25 and over,0
67,No checking account,12,Existing credits paid duly,Radio / television,2171,< 100 DM,< 1 year,2,Female: divorced/separated/married,No other debtors,2,Car or other,29,Bank,Own,1,Skilled employee,1,No,Yes,Female,25 and over,0
68,0-200 DM,12,Existing credits paid duly,Car (new),1007,>= 1000 DM,1-4 years,4,Male: married/widowed,No other debtors,1,Real estate,22,No other plans,Own,1,Skilled employee,1,No,Yes,Male,Under 25,0
69,No checking account,36,Existing credits paid duly,Education,1819,< 100 DM,1-4 years,4,Male: single,No other debtors,4,Unknown / no property,37,Stores,For free,1,Skilled employee,1,Yes,Yes,Male,25 and over,1
70,No checking account,36,Existing credits paid duly,Radio / television,2394,Unknown / no savings,1-4 years,4,Female: divorced/separated/married,No other debtors,4,Car or other,25,No other plans,Own,1,Skilled employee,1,No,Yes,Female,25 and over,0
71,No checking account,36,Existing credits paid duly,Car (used),8133,< 100 DM,1-4 years,1,Female: divorced/separated/married,No other debtors,2,Building society savings / life insurance,30,Bank,Own,1,Skilled employee,1,No,Yes,Female,25 and over,0
72,No checking account,7,Critical account / other credits,Radio / television,730,Unknown / no savings,>= 7 years,4,Male: single,No other debtors,2,Building society savings / life insurance,46,No other plans,Rent,2,Unskilled resident,1,Yes,Yes,Male,25 and over,0
73,< 0 DM,8,Critical account / other credits,Others,1164,< 100 DM,>= 7 years,3,Male: single,No other debtors,4,Unknown / no property,51,Bank,For free,2,Management / self-employed / highly qualified,2,Yes,Yes,Male,25 and over,0
74,0-200 DM,42,Critical account / other credits,Business,5954,< 100 DM,4-7 years,2,Female: divorced/separated/married,No other debtors,1,Real estate,41,Bank,Own,2,Unskilled resident,1,No,Yes,Female,25 and over,0
75,< 0 DM,36,Existing credits paid duly,Education,1977,Unknown / no savings,>= 7 years,4,Male: single,No other debtors,4,Unknown / no property,40,No other plans,Own,1,Management / self-employed / highly qualified,1,Yes,Yes,Male,25 and over,1
76,< 0 DM,12,Critical account / other credits,Car (used),1526,< 100 DM,>= 7 years,4,Male: single,No other debtors,4,Unknown / no property,66,No other plans,For free,2,Management / self-employed / highly qualified,1,No,Yes,Male,25 and over,0
77,< 0 DM,42,Existing credits paid duly,Radio / television,3965,< 100 DM,< 1 year,4,Male: single,No other debtors,3,Car or other,34,No other plans,Own,1,Skilled employee,1,No,Yes,Male,25 and over,1
78,0-200 DM,11,Delay in paying in the past,Radio / television,4771,< 100 DM,4-7 years,2,Male: single,No other debtors,4,Building society savings / life insurance,51,No other plans,Own,1,Skilled employee,1,No,Yes,Male,25 and over,0
79,No checking account,54,No credits / all paid duly,Car (used),9436,Unknown / no savings,1-4 years,2,Male: single,No other debtors,2,Building society savings / life insurance,39,No other plans,Own,1,Unskilled resident,2,No,Yes,Male,25 and over,0
80,0-200 DM,30,Existing credits paid duly,Furniture / equipment,3832,< 100 DM,< 1 year,2,Male: married/widowed,No other debtors,1,Building society savings / life insurance,22,No other plans,Own,1,Skilled employee,1,No,Yes,Male,Under 25,0
81,No checking account,24,Existing credits paid duly,Radio / television,5943,Unknown / no savings,< 1 year,1,Female: divorced/separated/married,No other debtors,1,Car or other,44,No other plans,Own,2,Skilled employee,1,Yes,Yes,Female,25 and over,1
82,No checking account,15,Existing credits paid duly,Radio / television,1213,500-1000 DM,>= 7 years,4,Male: single,No other debtors,3,Building society savings / life insurance,47,Stores,Own,1,Skilled employee,1,Yes,Yes,Male,25 and over,0
83,No checking account,18,Existing credits paid duly,Business,1568,100-500 DM,1-4 years,3,Female: divorced/separated/married,No other debtors,4,Building society savings / life insurance,24,No other plans,Rent,1,Unskilled resident,1,No,Yes,Female,Under 25,0
84,< 0 DM,24,Existing credits paid duly,Others,1755,< 100 DM,>= 7 years,4,Female: divorced/separated/married,Guarantor,4,Real estate,58,No other plans,Own,1,Unskilled resident,1,Yes,Yes,Female,25 and over,0
85,< 0 DM,10,Existing credits paid duly,Radio / television,2315,< 100 DM,>= 7 years,3,Male: single,No other debtors,4,Real estate,52,No other plans,Own,1,Unskilled resident,1,No,Yes,Male,25 and over,0
86,No checking account,12,Critical account / other credits,Business,1412,< 100 DM,1-4 years,4,Female: divorced/separated/married,Guarantor,2,Real estate,29,No other plans,Own,2,Management / self-employed / highly qualified,1,Yes,Yes,Female,25 and over,0
87,0-200 DM,18,Critical account / other credits,Furniture / equipment,1295,< 100 DM,< 1 year,4,Female: divorced/separated/married,No other debtors,1,Building society savings / life insurance,27,No other plans,Own,2,Skilled employee,1,No,Yes,Female,25 and over,0
88,0-200 DM,36,Existing credits paid duly,Education,12612,100-500 DM,1-4 years,1,Male: single,No other debtors,4,Unknown / no property,47,No other plans,For free,1,Skilled employee,2,Yes,Yes,Male,25 and over,1
89,< 0 DM,18,Existing credits paid duly,Car (new),2249,100-500 DM,4-7 years,4,Male: single,No other debtors,3,Car or other,30,No other plans,Own,1,Management / self-employed / highly qualified,2,Yes,Yes,Male,25 and over,0
90,< 0 DM,12,No credits / all paid duly,Repairs,1108,< 100 DM,4-7 years,4,Male: single,No other debtors,3,Real estate,28,No other plans,Own,2,Skilled employee,1,No,Yes,Male,25 and over,1
91,No checking account,12,Critical account / other credits,Radio / television,618,< 100 DM,>= 7 years,4,Male: single,No other debtors,4,Real estate,56,No other plans,Own,1,Skilled employee,1,No,Yes,Male,25 and over,0
92,< 0 DM,12,Critical account / other credits,Car (used),1409,< 100 DM,>= 7 years,4,Male: single,No other debtors,3,Real estate,54,No other plans,Own,1,Skilled employee,1,No,Yes,Male,25 and over,0
93,No checking account,12,Critical account / other credits,Radio / television,797,Unknown / no savings,>= 7 years,4,Female: divorced/separated/married,No other debtors,3,Building society savings / life insurance,33,Bank,Own,1,Unskilled resident,2,No,Yes,Female,25 and over,1
94,>= 200 DM,24,Critical account / other credits,Furniture / equipment,3617,Unknown / no savings,>= 7 years,4,Male: single,Co-applicant,4,Unknown / no property,20,No other plans,Rent,2,Skilled employee,1,No,Yes,Male,Under 25,0
95,0-200 DM,12,Existing credits paid duly,Car (new),1318,>= 1000 DM,>= 7 years,4,Male: single,No other debtors,4,Real estate,54,No other plans,Own,1,Skilled employee,1,Yes,Yes,Male,25 and over,0
96,0-200 DM,54,No credits / all paid duly,Business,15945,< 100 DM,< 1 year,3,Male: single,No other debtors,4,Unknown / no property,58,No other plans,Rent,1,Skilled employee,1,Yes,Yes,Male,25 and over,1
97,No checking account,12,Critical account / other credits,Education,2012,Unknown / no savings,4-7 years,4,Female: divorced/separated/married,No other debtors,2,Car or other,61,No other plans,Own,1,Skilled employee,1,No,Yes,Female,25 and over,0
98,0-200 DM,18,Existing credits paid duly,Business,2622,100-500 DM,1-4 years,4,Male: single,No other debtors,4,Car or other,34,No other plans,Own,1,Skilled employee,1,No,Yes,Male,25 and over,0
99,0-200 DM,36,Critical account / other credits,Radio / television,2337,< 100 DM,>= 7 years,4,Male: single,No other debtors,4,Real estate,36,No other plans,Own,1,Skilled employee,1,No,Yes,Male,25 and over,0
100,0-200 DM,20,Delay in paying in the past,Car (used),7057,Unknown / no savings,4-7 years,3,Male: single,No other debtors,4,Building society savings / life insurance,36,Bank,Rent,2,Management / self-employed / highly qualified,2,Yes,Yes,Male,25 and over,0
101,No checking account,24,Existing credits paid duly,Car (new),1469,100-500 DM,>= 7 years,4,Male: married/widowed,No other debtors,4,Real estate,41,No other plans,Rent,1,Unskilled resident,1,No,Yes,Male,25 and over,0
102,0-200 DM,36,Existing credits paid duly,Radio / television,2323,< 100 DM,4-7 years,4,Male: single,No other debtors,4,Car or other,24,No other plans,Rent,1,Skilled employee,1,No,Yes,Male,Under 25,0
103,No checking account,6,Delay in paying in the past,Radio / television,932,< 100 DM,1-4 years,3,Female: divorced/separated/married,No other debtors,2,Real estate,24,No other plans,Own,1,Skilled employee,1,No,Yes,Female,Under 25,0
104,0-200 DM,9,Critical account / other credits,Furniture / equipment,1919,< 100 DM,4-7 years,4,Male: single,No other debtors,3,Car or other,35,No other plans,Rent,1,Skilled employee,1,Yes,Yes,Male,25 and over,0
105,No checking account,12,Existing credits paid duly,Car (used),2445,Unknown / no savings,< 1 year,2,Male: married/widowed,No other debtors,4,Car or other,26,No other plans,Rent,1,Skilled employee,1,Yes,Yes,Male,25 and over,0
106,0-200 DM,24,Critical account / other credits,Others,11938,< 100 DM,1-4 years,2,Male: single,Co-applicant,3,Car or other,39,No other plans,Own,2,Management / self-employed / highly qualified,2,Yes,Yes,Male,25 and over,1
107,No checking account,18,All credits at this bank paid duly,Car (new),6458,< 100 DM,>= 7 years,2,Male: single,No other debtors,4,Unknown / no property,39,Bank,Own,2,Management / self-employed / highly qualified,2,Yes,Yes,Male,25 and over,1
108,0-200 DM,12,Existing credits paid duly,Car (new),6078,< 100 DM,4-7 years,2,Male: single,No other debtors,2,Car or other,32,No other plans,Own,1,Skilled employee,1,No,Yes,Male,25 and over,0
109,< 0 DM,24,Existing credits paid duly,Furniture / equipment,7721,Unknown / no savings,< 1 year,1,Female: divorced/separated/married,No other debtors,2,Building society savings / life insurance,30,No other plans,Own,1,Skilled employee,1,Yes,No,Female,25 and over,0
110,0-200 DM,14,Existing credits paid duly,Business,1410,500-1000 DM,>= 7 years,1,Male: married/widowed,No other debtors,2,Real estate,35,No other plans,Own,1,Skilled employee,1,Yes,Yes,Male,25 and over,0
111,0-200 DM,6,Delay in paying in the past,Business,1449,100-500 DM,>= 7 years,1,Male: divorced/separated,No other debtors,2,Car or other,31,Bank,Own,2,Skilled employee,2,No,Yes,Male,25 and over,0
112,>= 200 DM,15,Existing credits paid duly,Education,392,< 100 DM,< 1 year,4,Female: divorced/separated/married,No other debtors,4,Building society savings / life insurance,23,No other plans,Rent,1,Skilled employee,1,Yes,Yes,Female,Under 25,0
113,0-200 DM,18,Existing credits paid duly,Car (new),6260,< 100 DM,4-7 years,3,Male: single,No other debtors,3,Real estate,28,No other plans,Rent,1,Unskilled resident,1,No,Yes,Male,25 and over,0
114,No checking account,36,Critical account / other credits,Car (new),7855,< 100 DM,1-4 years,4,Female: divorced/separated/married,No other debtors,2,Real estate,25,Stores,Own,2,Skilled employee,1,Yes,Yes,Female,25 and over,1
115,< 0 DM,12,Existing credits paid duly,Radio / television,1680,500-1000 DM,>= 7 years,3,Male: married/widowed,No other debtors,1,Real estate,35,No other plans,Own,1,Skilled employee,1,No,Yes,Male,25 and over,0
116,No checking account,48,Critical account / other credits,Radio / television,3578,Unknown / no savings,>= 7 years,4,Male: single,No other debtors,1,Real estate,47,No other plans,Own,1,Skilled employee,1,Yes,Yes,Male,25 and over,0
117,< 0 DM,42,Existing credits paid duly,Radio / television,7174,Unknown / no savings,4-7 years,4,Female: divorced/separated/married,No other debtors,3,Car or other,30,No other plans,Own,1,Management / self-employed / highly qualified,1,Yes,Yes,Female,25 and over,1
118,< 0 DM,10,Critical account / other credits,Furniture / equipment,2132,Unknown / no savings,< 1 year,2,Female: divorced/separated/married,Co-applicant,3,Real estate,27,No other plans,Rent,2,Skilled employee,1,No,No,Female,25 and over,0
119,< 0 DM,33,Critical account / other credits,Furniture / equipment,4281,500-1000 DM,1-4 years,1,Female: divorced/separated/married,No other debtors,4,Car or other,23,No other plans,Own,2,Skilled employee,1,No,Yes,Female,Under 25,1
120,0-200 DM,12,Critical account / other credits,Car (new),2366,500-1000 DM,4-7 years,3,Male: divorced/separated,No other debtors,3,Car or other,36,No other plans,Own,1,Management / self-employed / highly qualified,1,Yes,Yes,Male,25 and over,0
121,< 0 DM,21,Existing credits paid duly,Radio / television,1835,< 100 DM,1-4 years,3,Female: divorced/separated/married,No other debtors,2,Real estate,25,No other plans,Own,2,Skilled employee,1,Yes,Yes,Female,25 and over,1
122,No checking account,24,Critical account / other credits,Car (used),3868,< 100 DM,>= 7 years,4,Female: divorced/separated/married,No other debtors,2,Car or other,41,No other plans,Rent,2,Management / self-employed / highly qualified,1,Yes,Yes,Female,25 and over,0
123,No checking account,12,Existing credits paid duly,Furniture / equipment,1768,< 100 DM,1-4 years,3,Male: single,No other debtors,2,Real estate,24,No other plans,Rent,1,Unskilled resident,1,No,Yes,Male,Under 25,0
124,>= 200 DM,10,Critical account / other credits,Car (new),781,< 100 DM,>= 7 years,4,Male: single,No other debtors,4,Unknown / no property,63,No other plans,For free,2,Skilled employee,1,Yes,Yes,Male,25 and over,0
125,0-200 DM,18,Existing credits paid duly,Furniture / equipment,1924,Unknown / no savings,< 1 year,4,Female: divorced/separated/married,No other debtors,3,Real estate,27,No other plans,Rent,1,Skilled employee,1,No,Yes,Female,25 and over,1
126,< 0 DM,12,Critical account / other credits,Car (new),2121,< 100 DM,1-4 years,4,Male: single,No other debtors,2,Building society savings / life insurance,30,No other plans,Own,2,Skilled employee,1,No,Yes,Male,25 and over,0
127,< 0 DM,12,Existing credits paid duly,Radio / television,701,< 100 DM,1-4 years,4,Male: married/widowed,No other debtors,2,Real estate,40,No other plans,Own,1,Unskilled resident,1,No,Yes,Male,25 and over,0
128,0-200 DM,12,Existing credits paid duly,Repairs,639,< 100 DM,1-4 years,4,Male: single,No other debtors,2,Car or other,30,No other plans,Own,1,Skilled employee,1,No,Yes,Male,25 and over,1
129,0-200 DM,12,Critical account / other credits,Car (used),1860,< 100 DM,Unemployed,4,Male: single,No other debtors,2,Car or other,34,No other plans,Own,2,Management / self-employed / highly qualified,1,Yes,Yes,Male,25 and over,0
130,< 0 DM,12,Critical account / other credits,Car (new),3499,< 100 DM,1-4 years,3,Female: divorced/separated/married,Co-applicant,2,Real estate,29,No other plans,Own,2,Skilled employee,1,No,Yes,Female,25 and over,1
131,0-200 DM,48,Existing credits paid duly,Car (new),8487,Unknown / no savings,4-7 years,1,Female: divorced/separated/married,No other debtors,2,Car or other,24,No other plans,Own,1,Skilled employee,1,No,Yes,Female,Under 25,0
132,< 0 DM,36,Delay in paying in the past,Education,6887,< 100 DM,1-4 years,4,Male: single,No other debtors,3,Building society savings / life insurance,29,Stores,Own,1,Skilled employee,1,Yes,Yes,Male,25 and over,1
133,No checking account,15,Existing credits paid duly,Furniture / equipment,2708,< 100 DM,< 1 year,2,Male: single,No other debtors,3,Building society savings / life insurance,27,Bank,Own,2,Unskilled resident,1,No,Yes,Male,25 and over,0
134,No checking account,18,Existing credits paid duly,Furniture / equipment,1984,< 100 DM,1-4 years,4,Male: single,No other debtors,4,Unknown / no property,47,Bank,For free,2,Skilled employee,1,No,Yes,Male,25 and over,0
135,No checking account,60,Existing credits paid duly,Radio / television,10144,100-500 DM,4-7 years,2,Female: divorced/separated/married,No other debtors,4,Real estate,21,No other plans,Own,1,Skilled employee,1,Yes,Yes,Female,Under 25,0
136,No checking account,12,Critical account / other credits,Radio / television,1240,Unknown / no savings,>= 7 years,4,Female: divorced/separated/married,No other debtors,2,Real estate,38,No other plans,Own,2,Skilled employee,1,Yes,Yes,Female,25 and over,0
137,No checking account,27,Delay in paying in the past,Car (used),8613,>= 1000 DM,1-4 years,2,Male: single,No other debtors,2,Car or other,27,No other plans,Own,2,Skilled employee,1,No,Yes,Male,25 and over,0
138,0-200 DM,12,Existing credits paid duly,Radio / television,766,500-1000 DM,1-4 years,4,Male: single,No other debtors,3,Real estate,66,No other plans,Own,1,Unskilled resident,1,No,Yes,Male,25 and over,1
139,0-200 DM,15,Critical account / other credits,Radio / television,2728,Unknown / no savings,4-7 years,4,Male: single,Guarantor,2,Real estate,35,Bank,Own,3,Skilled employee,1,Yes,Yes,Male,25 and over,0
140,>= 200 DM,12,Existing credits paid duly,Radio / television,1881,< 100 DM,1-4 years,2,Female: divorced/separated/married,No other debtors,2,Car or other,44,No other plans,Rent,1,Unskilled resident,1,Yes,Yes,Female,25 and over,0
141,>= 200 DM,6,Existing credits paid duly,Car (new),709,>= 1000 DM,< 1 year,2,Male: married/widowed,No other debtors,2,Real estate,27,No other plans,Own,1,Unemployed / unskilled non-resident,1,No,No,Male,25 and over,0
142,0-200 DM,36,Existing credits paid duly,Radio / television,4795,< 100 DM,< 1 year,4,Female: divorced/separated/married,No other debtors,1,Unknown / no property,30,No other plans,Own,1,Management / self-employed / highly qualified,1,Yes,Yes,Female,25 and over,0
143,< 0 DM,27,Existing credits paid duly,Radio / television,3416,< 100 DM,1-4 years,3,Male: single,No other debtors,2,Car or other,27,No other plans,Own,1,Management / self-employed / highly qualified,1,No,Yes,Male,25 and over,0
144,< 0 DM,18,Existing credits paid duly,Furniture / equipment,2462,< 100 DM,1-4 years,2,Male: single,No other debtors,2,Car or other,22,No other plans,Own,1,Skilled employee,1,No,Yes,Male,Under 25,1
145,No checking account,21,Critical account / other credits,Furniture / equipment,2288,< 100 DM,< 1 year,4,Female: divorced/separated/married,No other debtors,4,Building society savings / life insurance,23,No other plans,Own,1,Skilled employee,1,Yes,Yes,Female,Under 25,0
146,0-200 DM,48,All credits at this bank paid duly,Business,3566,100-500 DM,4-7 years,4,Male: single,No other debtors,2,Car or other,30,No other plans,Own,1,Skilled employee,1,No,Yes,Male,25 and over,0
147,< 0 DM,6,Critical account / other credits,Car (new),860,< 100 DM,>= 7 years,1,Female: divorced/separated/married,No other debtors,4,Unknown / no property,39,No other plans,Own,2,Skilled employee,1,Yes,Yes,Female,25 and over,0
148,No checking account,12,Critical account / other credits,Car (new),682,100-500 DM,4-7 years,4,Female: divorced/separated/married,No other debtors,3,Car or other,51,No other plans,Own,2,Skilled employee,1,Yes,Yes,Female,25 and over,0
149,< 0 DM,36,Critical account / other credits,Furniture / equipment,5371,< 100 DM,1-4 years,3,Male: single,Guarantor,2,Building society savings / life insurance,28,No other plans,Own,2,Skilled employee,1,No,Yes,Male,25 and over,0
150,No checking account,18,Critical account / other credits,Radio / television,1582,>= 1000 DM,>= 7 years,4,Male: single,No other debtors,4,Car or other,46,No other plans,Own,2,Skilled employee,1,No,Yes,Male,25 and over,0
151,No checking account,6,Existing credits paid duly,Radio / television,1346,100-500 DM,>= 7 years,2,Male: single,No other debtors,4,Unknown / no property,42,Bank,For free,1,Skilled employee,2,Yes,Yes,Male,25 and over,0
152,No checking account,10,Existing credits paid duly,Radio / television,1924,< 100 DM,1-4 years,1,Male: single,No other debtors,4,Building society savings / life insurance,38,No other plans,Own,1,Skilled employee,1,Yes,No,Male,25 and over,0
153,>= 200 DM,36,Existing credits paid duly,Radio / television,5848,< 100 DM,1-4 years,4,Male: single,No other debtors,1,Car or other,24,No other plans,Own,1,Skilled employee,1,No,Yes,Male,Under 25,0
154,0-200 DM,24,Critical account / other credits,Car (used),7758,>= 1000 DM,>= 7 years,2,Female: divorced/separated/married,No other debtors,4,Unknown / no property,29,No other plans,Rent,1,Skilled employee,1,No,Yes,Female,25 and over,0
155,0-200 DM,24,Delay in paying in the past,Business,6967,100-500 DM,4-7 years,4,Male: single,No other debtors,4,Car or other,36,No other plans,Rent,1,Management / self-employed / highly qualified,1,Yes,Yes,Male,25 and over,0
156,< 0 DM,12,Existing credits paid duly,Furniture / equipment,1282,< 100 DM,1-4 years,2,Female: divorced/separated/married,No other debtors,4,Car or other,20,No other plans,Rent,1,Skilled employee,1,No,Yes,Female,Under 25,1
157,< 0 DM,9,Critical account / other credits,Repairs,1288,100-500 DM,>= 7 years,3,Male: single,Guarantor,4,Real estate,48,No other plans,Own,2,Skilled employee,2,No,No,Male,25 and over,0
158,< 0 DM,12,All credits at this bank paid duly,Retraining,339,< 100 DM,>= 7 years,4,Male: married/widowed,No other debtors,1,Car or other,45,Bank,Own,1,Unskilled resident,1,No,Yes,Male,25 and over,0
159,0-200 DM,24,Existing credits paid duly,Car (new),3512,100-500 DM,4-7 years,2,Male: single,No other debtors,3,Car or other,38,Bank,Own,2,Skilled employee,1,Yes,Yes,Male,25 and over,0
160,No checking account,6,Critical account / other credits,Radio / television,1898,Unknown / no savings,1-4 years,1,Male: single,No other debtors,2,Real estate,34,No other plans,Own,2,Unskilled resident,2,No,Yes,Male,25 and over,0
161,No checking account,24,Critical account / other credits,Radio / television,2872,100-500 DM,>= 7 years,3,Male: single,No other debtors,4,Real estate,36,No other plans,Own,1,Skilled employee,2,Yes,Yes,Male,25 and over,0
162,No checking account,18,Critical account / other credits,Car (new),1055,< 100 DM,< 1 year,4,Female: divorced/separated/married,No other debtors,1,Building society savings / life insurance,30,No other plans,Own,2,Skilled employee,1,No,Yes,Female,25 and over,0
163,No checking account,15,Existing credits paid duly,Domestic appliances,1262,500-1000 DM,4-7 years,4,Male: single,No other debtors,3,Building society savings / life insurance,36,No other plans,Own,2,Skilled employee,1,Yes,Yes,Male,25 and over,0
164,0-200 DM,10,Existing credits paid duly,Car (new),7308,< 100 DM,Unemployed,2,Male: single,No other debtors,4,Unknown / no property,70,Bank,For free,1,Management / self-employed / highly qualified,1,Yes,Yes,Male,25 and over,0
165,No checking account,36,Existing credits paid duly,Car (new),909,500-1000 DM,>= 7 years,4,Male: single,No other debtors,4,Building society savings / life insurance,36,No other plans,Own,1,Skilled employee,1,No,Yes,Male,25 and over,0
166,No checking account,6,Existing credits paid duly,Furniture / equipment,2978,500-1000 DM,1-4 years,1,Male: single,No other debtors,2,Car or other,32,No other plans,Own,1,Skilled employee,1,Yes,Yes,Male,25 and over,0
167,< 0 DM,18,Existing credits paid duly,Furniture / equipment,1131,< 100 DM,Unemployed,4,Female: divorced/separated/married,No other debtors,2,Car or other,33,No other plans,Own,1,Skilled employee,1,No,Yes,Female,25 and over,1
168,0-200 DM,11,Existing credits paid duly,Furniture / equipment,1577,>= 1000 DM,< 1 year,4,Female: divorced/separated/married,No other debtors,1,Real estate,20,No other plans,Own,1,Skilled employee,1,No,Yes,Female,Under 25,0
169,No checking account,24,Existing credits paid duly,Furniture / equipment,3972,< 100 DM,4-7 years,2,Female: divorced/separated/married,No other debtors,4,Building society savings / life insurance,25,No other plans,Rent,1,Skilled employee,1,Yes,Yes,Female,25 and over,0
170,0-200 DM,24,Critical account / other credits,Business,1935,< 100 DM,>= 7 years,4,Male: divorced/separated,No other debtors,4,Real estate,31,No other plans,Own,2,Skilled employee,1,Yes,Yes,Male,25 and over,1
171,< 0 DM,15,No credits / all paid duly,Car (new),950,< 100 DM,>= 7 years,4,Male: single,No other debtors,3,Car or other,33,No other plans,Rent,2,Skilled employee,2,No,Yes,Male,25 and over,1
172,No checking account,12,Existing credits paid duly,Furniture / equipment,763,< 100 DM,1-4 years,4,Female: divorced/separated/married,No other debtors,1,Real estate,26,No other plans,Own,1,Skilled employee,1,Yes,Yes,Female,25 and over,0
173,0-200 DM,24,Delay in paying in the past,Furniture / equipment,2064,< 100 DM,Unemployed,3,Female: divorced/separated/married,No other debtors,2,Building society savings / life insurance,34,No other plans,Own,1,Management / self-employed / highly qualified,1,Yes,Yes,Female,25 and over,1
174,0-200 DM,8,Existing credits paid duly,Radio / television,1414,< 100 DM,1-4 years,4,Male: single,Guarantor,2,Real estate,33,No other plans,Own,1,Skilled employee,1,No,No,Male,25 and over,0
175,< 0 DM,21,Delay in paying in the past,Education,3414,< 100 DM,< 1 year,2,Male: single,No other debtors,1,Building society savings / life insurance,26,No other plans,Own,2,Skilled employee,1,No,Yes,Male,25 and over,1
176,No checking account,30,All credits at this bank paid duly,Car (used),7485,Unknown / no savings,Unemployed,4,Female: divorced/separated/married,No other debtors,1,Real estate,53,Bank,Own,1,Management / self-employed / highly qualified,1,Yes,Yes,Female,25 and over,1
177,< 0 DM,12,Existing credits paid duly,Furniture / equipment,2577,< 100 DM,1-4 years,2,Male: divorced/separated,No other debtors,1,Car or other,42,No other plans,Own,1,Skilled employee,1,No,Yes,Male,25 and over,0
178,< 0 DM,6,Critical account / other credits,Radio / television,338,500-1000 DM,>= 7 years,4,Male: single,No other debtors,4,Car or other,52,No other plans,Own,2,Skilled employee,1,No,Yes,Male,25 and over,0
179,No checking account,12,Existing credits paid duly,Radio / television,1963,< 100 DM,4-7 years,4,Male: single,No other debtors,2,Car or other,31,No other plans,Rent,2,Management / self-employed / highly qualified,2,Yes,Yes,Male,25 and over,0
180,< 0 DM,21,Critical account / other credits,Car (new),571,< 100 DM,>= 7 years,4,Male: single,No other debtors,4,Real estate,65,No other plans,Own,2,Skilled employee,1,No,Yes,Male,25 and over,0
181,No checking account,36,Delay in paying in the past,Business,9572,< 100 DM,< 1 year,1,Male: divorced/separated,No other debtors,1,Car or other,28,No other plans,Own,2,Skilled employee,1,No,Yes,Male,25 and over,1
182,0-200 DM,36,Delay in paying in the past,Business,4455,< 100 DM,1-4 years,2,Male: divorced/separated,No other debtors,2,Real estate,30,Stores,Own,2,Management / self-employed / highly qualified,1,Yes,Yes,Male,25 and over,1
183,< 0 DM,21,All credits at this bank paid duly,Car (new),1647,Unknown / no savings,1-4 years,4,Male: single,No other debtors,2,Building society savings / life insurance,40,No other plans,Own,2,Unskilled resident,2,No,Yes,Male,25 and over,1
184,No checking account,24,Critical account / other credits,Furniture / equipment,3777,>= 1000 DM,1-4 years,4,Male: single,No other debtors,4,Real estate,50,No other plans,Own,1,Skilled employee,1,Yes,Yes,Male,25 and over,0
185,0-200 DM,18,Critical account / other credits,Car (new),884,< 100 DM,>= 7 years,4,Male: single,No other debtors,4,Car or other,36,Bank,Own,1,Skilled employee,2,Yes,Yes,Male,25 and over,1
186,No checking account,15,Critical account / other credits,Radio / television,1360,< 100 DM,1-4 years,4,Male: single,No other debtors,2,Building society savings / life insurance,31,No other plans,Own,2,Skilled employee,1,No,Yes,Male,25 and over,0
187,0-200 DM,9,All credits at this bank paid duly,Car (used),5129,< 100 DM,>= 7 years,2,Female: divorced/separated/married,No other debtors,4,Unknown / no property,74,Bank,For free,1,Management / self-employed / highly qualified,2,Yes,Yes,Female,25 and over,1
188,0-200 DM,16,Critical account / other credits,Car (new),1175,< 100 DM,Unemployed,2,Male: single,No other debtors,3,Car or other,68,No other plans,For free,3,Unemployed / unskilled non-resident,1,Yes,Yes,Male,25 and over,0
189,< 0 DM,12,Existing credits paid duly,Radio / television,674,100-500 DM,4-7 years,4,Male: married/widowed,No other debtors,1,Building society savings / life insurance,20,No other plans,Own,1,Skilled employee,1,No,Yes,Male,Under 25,1
190,0-200 DM,18,No credits / all paid duly,Furniture / equipment,3244,< 100 DM,1-4 years,1,Female: divorced/separated/married,No other debtors,4,Car or other,33,Bank,Own,2,Skilled employee,1,Yes,Yes,Female,25 and over,0
191,No checking account,24,Existing credits paid duly,Business,4591,>= 1000 DM,1-4 years,2,Male: single,No other debtors,3,Building society savings / life insurance,54,No other plans,Own,3,Management / self-employed / highly qualified,1,Yes,Yes,Male,25 and over,1
192,0-200 DM,48,No credits / all paid duly,Business,3844,100-500 DM,4-7 years,4,Male: single,No other debtors,4,Unknown / no property,34,No other plans,For free,1,Unskilled resident,2,No,Yes,Male,25 and over,1
193,0-200 DM,27,Existing credits paid duly,Business,3915,< 100 DM,1-4 years,4,Male: single,No other debtors,2,Car or other,36,No other plans,Own,1,Skilled employee,2,Yes,Yes,Male,25 and over,1
194,No checking account,6,Existing credits paid duly,Radio / television,2108,< 100 DM,4-7 years,2,Male: married/widowed,No other debtors,2,Real estate,29,No other plans,Rent,1,Skilled employee,1,No,Yes,Male,25 and over,0
195,0-200 DM,45,Existing credits paid duly,Radio / television,3031,100-500 DM,1-4 years,4,Male: single,Guarantor,4,Building society savings / life insurance,21,No other plans,Rent,1,Skilled employee,1,No,Yes,Male,Under 25,1
196,0-200 DM,9,Critical account / other credits,Education,1501,< 100 DM,>= 7 years,2,Female: divorced/separated/married,No other debtors,3,Car or other,34,No other plans,Own,2,Management / self-employed / highly qualified,1,Yes,Yes,Female,25 and over,1
197,No checking account,6,Critical account / other credits,Radio / television,1382,< 100 DM,1-4 years,1,Female: divorced/separated/married,No other debtors,1,Car or other,28,No other plans,Own,2,Skilled employee,1,Yes,Yes,Female,25 and over,0
198,0-200 DM,12,Existing credits paid duly,Furniture / equipment,951,100-500 DM,< 1 year,4,Female: divorced/separated/married,No other debtors,4,Car or other,27,Bank,Rent,4,Skilled employee,1,No,Yes,Female,25 and over,1
199,0-200 DM,24,Existing credits paid duly,Car (used),2760,Unknown / no savings,>= 7 years,4,Male: single,No other debtors,4,Unknown / no property,36,Bank,For free,1,Skilled employee,1,Yes,Yes,Male,25 and over,0
200,0-200 DM,18,Delay in paying in the past,Furniture / equipment,4297,< 100 DM,>= 7 years,4,Male: divorced/separated,No other debtors,3,Unknown / no property,40,No other plans,Own,1,Management / self-employed / highly qualified,1,Yes,Yes,Male,25 and over,1
201,No checking account,9,Critical account / other credits,Education,936,500-1000 DM,>= 7 years,4,Male: single,No other debtors,2,Car or other,52,No other plans,Own,2,Skilled employee,1,Yes,Yes,Male,25 and over,0
202,< 0 DM,12,Existing credits paid duly,Car (new),1168,< 100 DM,1-4 years,4,Male: married/widowed,No other debtors,3,Real estate,27,No other plans,Own,1,Unskilled resident,1,No,Yes,Male,25 and over,0
203,No checking account,27,Delay in paying in the past,Business,5117,< 100 DM,4-7 years,3,Male: single,No other debtors,4,Car or other,26,No other plans,Own,2,Skilled employee,1,No,Yes,Male,25 and over,0
204,< 0 DM,12,Existing credits paid duly,Retraining,902,< 100 DM,4-7 years,4,Male: married/widowed,No other debtors,4,Building society savings / life insurance,21,No other plans,Rent,1,Skilled employee,1,No,Yes,Male,Under 25,1
205,No checking account,12,Critical account / other credits,Car (new),1495,< 100 DM,>= 7 years,4,Male: single,No other debtors,1,Real estate,38,No other plans,Own,2,Unskilled resident,2,No,Yes,Male,25 and over,0
206,< 0 DM,30,Critical account / other credits,Car (used),10623,< 100 DM,>= 7 years,3,Male: single,No other debtors,4,Unknown / no property,38,No other plans,For free,3,Management / self-employed / highly qualified,2,Yes,Yes,Male,25 and over,0
207,No checking account,12,Critical account / other credits,Furniture / equipment,1935,< 100 DM,>= 7 years,4,Male: single,No other debtors,4,Real estate,43,No other plans,Own,3,Skilled employee,1,Yes,Yes,Male,25 and over,0
208,0-200 DM,12,Critical account / other credits,Domestic appliances,1424,< 100 DM,4-7 years,4,Male: single,No other debtors,3,Building society savings / life insurance,26,No other plans,Own,1,Skilled employee,1,No,Yes,Male,25 and over,0
209,< 0 DM,24,Existing credits paid duly,Business,6568,< 100 DM,1-4 years,2,Male: married/widowed,No other debtors,2,Car or other,21,Stores,Own,1,Unskilled resident,1,No,Yes,Male,Under 25,0
210,No checking account,12,Existing credits paid duly,Car (used),1413,>= 1000 DM,4-7 years,3,Male: single,No other debtors,2,Building society savings / life insurance,55,No other plans,Own,1,Skilled employee,1,No,No,Male,25 and over,0
211,No checking account,9,Critical account / other credits,Radio / television,3074,Unknown / no savings,1-4 years,1,Male: single,No other debtors,2,Real estate,33,No other plans,Own,2,Skilled employee,2,No,Yes,Male,25 and over,0
212,No checking account,36,Existing credits paid duly,Radio / television,3835,Unknown / no savings,>= 7 years,2,Female: divorced/separated/married,No other debtors,4,Real estate,45,No other plans,Own,1,Unskilled resident,1,Yes,Yes,Female,25 and over,0
213,< 0 DM,27,No credits / all paid duly,Business,5293,< 100 DM,Unemployed,2,Male: single,No other debtors,4,Building society savings / life insurance,50,Stores,Own,2,Skilled employee,1,Yes,Yes,Male,25 and over,1
214,>= 200 DM,30,Delay in paying in the past,Business,1908,< 100 DM,>= 7 years,4,Male: single,No other debtors,4,Real estate,66,No other plans,Own,1,Management / self-employed / highly qualified,1,Yes,Yes,Male,25 and over,1
215,No checking account,36,Critical account / other credits,Radio / television,3342,Unknown / no savings,>= 7 years,4,Male: single,No other debtors,2,Car or other,51,No other plans,Own,1,Skilled employee,1,Yes,Yes,Male,25 and over,0
216,0-200 DM,6,Critical account / other credits,Retraining,932,Unknown / no savings,4-7 years,1,Female: divorced/separated/married,No other debtors,3,Building society savings / life insurance,39,No other plans,Own,2,Unskilled resident,1,No,Yes,Female,25 and over,0
217,< 0 DM,18,No credits / all paid duly,Business,3104,< 100 DM,4-7 years,3,Male: single,No other debtors,1,Building society savings / life insurance,31,Bank,Own,1,Skilled employee,1,Yes,Yes,Male,25 and over,0
218,>= 200 DM,36,Existing credits paid duly,Radio / television,3913,< 100 DM,1-4 years,2,Male: single,No other debtors,2,Real estate,23,No other plans,Own,1,Skilled employee,1,Yes,Yes,Male,Under 25,0
219,< 0 DM,24,Existing credits paid duly,Furniture / equipment,3021,< 100 DM,1-4 years,2,Male: divorced/separated,No other debtors,2,Real estate,24,No other plans,Rent,1,Unskilled resident,1,No,Yes,Male,Under 25,0
220,No checking account,10,Existing credits paid duly,Car (new),1364,< 100 DM,1-4 years,2,Female: divorced/separated/married,No other debtors,4,Car or other,64,No other plans,Own,1,Skilled employee,1,Yes,Yes,Female,25 and over,0
221,0-200 DM,12,Existing credits paid duly,Radio / television,625,< 100 DM,< 1 year,4,Male: married/widowed,Guarantor,1,Real estate,26,Bank,Own,1,Unskilled resident,1,No,Yes,Male,25 and over,0
222,< 0 DM,12,Existing credits paid duly,Education,1200,Unknown / no savings,1-4 years,4,Female: divorced/separated/married,No other debtors,4,Building society savings / life insurance,23,Bank,Rent,1,Skilled employee,1,Yes,Yes,Female,Under 25,0
223,No checking account,12,Existing credits paid duly,Radio / television,707,< 100 DM,1-4 years,4,Male: single,No other debtors,2,Real estate,30,Bank,Own,2,Skilled employee,1,No,Yes,Male,25 and over,0
224,No checking account,24,Delay in paying in the past,Business,2978,Unknown / no savings,1-4 years,4,Male: single,No other debtors,4,Real estate,32,No other plans,Own,2,Skilled employee,2,Yes,Yes,Male,25 and over,0
225,No checking account,15,Existing credits paid duly,Car (used),4657,< 100 DM,1-4 years,3,Male: single,No other debtors,2,Car or other,30,No other plans,Own,1,Skilled employee,1,Yes,Yes,Male,25 and over,0
226,No checking account,36,No credits / all paid duly,Repairs,2613,< 100 DM,1-4 years,4,Male: single,No other debtors,2,Car or other,27,No other plans,Own,2,Skilled employee,1,No,Yes,Male,25 and over,0
227,0-200 DM,48,Existing credits paid duly,Radio / television,10961,>= 1000 DM,4-7 years,1,Male: single,Co-applicant,2,Unknown / no property,27,Bank,Own,2,Skilled employee,1,Yes,Yes,Male,25 and over,1
228,< 0 DM,12,Existing credits paid duly,Furniture / equipment,7865,< 100 DM,>= 7 years,4,Male: single,No other debtors,4,Unknown / no property,53,No other plans,For free,1,Management / self-employed / highly qualified,1,Yes,Yes,Male,25 and over,1
229,No checking account,9,Existing credits paid duly,Radio / television,1478,< 100 DM,4-7 years,4,Male: single,No other debtors,2,Car or other,22,No other plans,Own,1,Skilled employee,1,No,Yes,Male,Under 25,1
230,< 0 DM,24,Existing credits paid duly,Furniture / equipment,3149,< 100 DM,< 1 year,4,Male: single,No other debtors,1,Unknown / no property,22,Bank,For free,1,Skilled employee,1,No,Yes,Male,Under 25,0
231,>= 200 DM,36,Existing credits paid duly,Radio / television,4210,< 100 DM,1-4 years,4,Male: single,No other debtors,2,Car or other,26,No other plans,Own,1,Skilled employee,1,No,Yes,Male,25 and over,1
232,No checking account,9,Existing credits paid duly,Car (new),2507,500-1000 DM,>= 7 years,2,Male: single,No other debtors,4,Unknown / no property,51,No other plans,For free,1,Unskilled resident,1,No,Yes,Male,25 and over,0
233,No checking account,12,Existing credits paid duly,Radio / television,2141,100-500 DM,4-7 years,3,Male: single,No other debtors,1,Unknown / no property,35,No other plans,Own,1,Skilled employee,1,No,Yes,Male,25 and over,0
234,0-200 DM,18,Existing credits paid duly,Radio / television,866,< 100 DM,1-4 years,4,Male: married/widowed,Guarantor,2,Real estate,25,No other plans,Own,1,Unskilled resident,1,No,Yes,Male,25 and over,0
235,No checking account,4,Critical account / other credits,Radio / television,1544,< 100 DM,4-7 years,2,Male: single,No other debtors,1,Real estate,42,No other plans,Own,3,Unskilled resident,2,No,Yes,Male,25 and over,0
236,< 0 DM,24,Existing credits paid duly,Radio / television,1823,< 100 DM,Unemployed,4,Male: single,No other debtors,2,Car or other,30,Stores,Own,1,Management / self-employed / highly qualified,2,No,Yes,Male,25 and over,1
237,0-200 DM,6,Existing credits paid duly,Car (new),14555,Unknown / no savings,Unemployed,1,Male: single,No other debtors,2,Building society savings / life insurance,23,No other plans,Own,1,Unemployed / unskilled non-resident,1,Yes,Yes,Male,Under 25,1
238,0-200 DM,21,Existing credits paid duly,Business,2767,100-500 DM,>= 7 years,4,Male: divorced/separated,No other debtors,2,Car or other,61,Bank,Rent,2,Unskilled resident,1,No,Yes,Male,25 and over,1
239,No checking account,12,Critical account / other credits,Radio / television,1291,< 100 DM,1-4 years,4,Female: divorced/separated/married,No other debtors,2,Building society savings / life insurance,35,No other plans,Own,2,Skilled employee,1,No,Yes,Female,25 and over,0
240,< 0 DM,30,Existing credits paid duly,Radio / television,2522,< 100 DM,>= 7 years,1,Male: single,Guarantor,3,Building society savings / life insurance,39,No other plans,Own,1,Skilled employee,2,No,Yes,Male,25 and over,0
241,< 0 DM,24,Existing credits paid duly,Car (new),915,Unknown / no savings,>= 7 years,4,Female: divorced/separated/married,No other debtors,2,Car or other,29,Bank,Own,1,Skilled employee,1,No,Yes,Female,25 and over,1
242,No checking account,6,Existing credits paid duly,Radio / television,1595,< 100 DM,4-7 years,3,Male: single,No other debtors,2,Building society savings / life insurance,51,No other plans,Own,1,Skilled employee,2,No,Yes,Male,25 and over,0
243,< 0 DM,48,No credits / all paid duly,Car (used),4605,< 100 DM,>= 7 years,3,Male: single,No other debtors,4,Unknown / no property,24,No other plans,For free,2,Skilled employee,2,No,Yes,Male,Under 25,1
244,No checking account,12,Critical account / other credits,Business,1185,< 100 DM,1-4 years,3,Female: divorced/separated/married,No other debtors,2,Real estate,27,No other plans,Own,2,Skilled employee,1,No,Yes,Female,25 and over,0
245,No checking account,12,All credits at this bank paid duly,Retraining,3447,500-1000 DM,1-4 years,4,Female: divorced/separated/married,No other debtors,3,Real estate,35,No other plans,Own,1,Unskilled resident,2,No,Yes,Female,25 and over,0
246,No checking account,24,Existing credits paid duly,Business,1258,< 100 DM,4-7 years,4,Male: single,No other debtors,1,Real estate,25,No other plans,Own,1,Skilled employee,1,Yes,Yes,Male,25 and over,0
247,No checking account,12,Critical account / other credits,Radio / television,717,< 100 DM,>= 7 years,4,Male: single,No other debtors,4,Real estate,52,No other plans,Own,3,Skilled employee,1,No,Yes,Male,25 and over,0
248,No checking account,6,No credits / all paid duly,Car (new),1204,100-500 DM,1-4 years,4,Male: single,No other debtors,1,Unknown / no property,35,Bank,Rent,1,Skilled employee,1,No,No,Male,25 and over,0
249,>= 200 DM,24,Existing credits paid duly,Furniture / equipment,1925,< 100 DM,1-4 years,2,Male: single,No other debtors,2,Real estate,26,No other plans,Own,1,Skilled employee,1,No,Yes,Male,25 and over,0
250,No checking account,18,Existing credits paid duly,Radio / television,433,< 100 DM,Unemployed,3,Female: divorced/separated/married,Co-applicant,4,Real estate,22,No other plans,Rent,1,Skilled employee,1,No,Yes,Female,Under 25,1
251,< 0 DM,6,Critical account / other credits,Car (new),666,>= 1000 DM,4-7 years,3,Female: divorced/separated/married,No other debtors,4,Real estate,39,No other plans,Own,2,Unskilled resident,1,Yes,Yes,Female,25 and over,0
252,>= 200 DM,12,Existing credits paid duly,Furniture / equipment,2251,< 100 DM,1-4 years,1,Female: divorced/separated/married,No other debtors,2,Car or other,46,No other plans,Own,1,Unskilled resident,1,No,Yes,Female,25 and over,0
253,0-200 DM,30,Existing credits paid duly,Car (new),2150,< 100 DM,1-4 years,4,Female: divorced/separated/married,Guarantor,2,Unknown / no property,24,Bank,Own,1,Skilled employee,1,No,Yes,Female,Under 25,1
254,No checking account,24,Delay in paying in the past,Furniture / equipment,4151,100-500 DM,1-4 years,2,Male: single,No other debtors,3,Building society savings / life insurance,35,No other plans,Own,2,Skilled employee,1,No,Yes,Male,25 and over,0
255,0-200 DM,9,Existing credits paid duly,Furniture / equipment,2030,Unknown / no savings,4-7 years,2,Male: single,No other debtors,1,Car or other,24,No other plans,Own,1,Skilled employee,1,Yes,Yes,Male,Under 25,0
256,0-200 DM,60,Delay in paying in the past,Radio / television,7418,Unknown / no savings,1-4 years,1,Male: single,No other debtors,1,Real estate,27,No other plans,Own,1,Unskilled resident,1,No,Yes,Male,25 and over,0
257,No checking account,24,Critical account / other credits,Radio / television,2684,< 100 DM,1-4 years,4,Male: single,No other debtors,2,Real estate,35,No other plans,Own,2,Unskilled resident,1,No,Yes,Male,25 and over,0
258,< 0 DM,12,All credits at this bank paid duly,Radio / television,2149,< 100 DM,1-4 years,4,Male: divorced/separated,No other debtors,1,Unknown / no property,29,No other plans,For free,1,Skilled employee,1,No,Yes,Male,25 and over,1
259,No checking account,15,Existing credits paid duly,Car (used),3812,100-500 DM,< 1 year,1,Female: divorced/separated/married,No other debtors,4,Car or other,23,No other plans,Own,1,Skilled employee,1,Yes,Yes,Female,Under 25,0
260,No checking account,11,Critical account / other credits,Radio / television,1154,100-500 DM,Unemployed,4,Female: divorced/separated/married,No other debtors,4,Real estate,57,No other plans,Own,3,Unskilled resident,1,No,Yes,Female,25 and over,0
261,< 0 DM,12,Existing credits paid duly,Furniture / equipment,1657,< 100 DM,1-4 years,2,Male: single,No other debtors,2,Real estate,27,No other plans,Own,1,Skilled employee,1,No,Yes,Male,25 and over,0
262,< 0 DM,24,Existing credits paid duly,Radio / television,1603,< 100 DM,>= 7 years,4,Female: divorced/separated/married,No other debtors,4,Car or other,55,No other plans,Own,1,Skilled employee,1,No,Yes,Female,25 and over,0
263,< 0 DM,18,Critical account / other credits,Car (new),5302,< 100 DM,>= 7 years,2,Male: single,No other debtors,4,Unknown / no property,36,No other plans,For free,3,Management / self-employed / highly qualified,1,Yes,Yes,Male,25 and over,0
264,No checking account,12,Critical account / other credits,Education,2748,< 100 DM,>= 7 years,2,Female: divorced/separated/married,No other debtors,4,Unknown / no property,57,Bank,For free,3,Unskilled resident,1,No,Yes,Female,25 and over,0
265,No checking account,10,Critical account / other credits,Car (new),1231,< 100 DM,>= 7 years,3,Male: single,No other debtors,4,Real estate,32,No other plans,Own,2,Unskilled resident,2,No,No,Male,25 and over,0
266,0-200 DM,15,Existing credits paid duly,Radio / television,802,< 100 DM,>= 7 years,4,Male: single,No other debtors,3,Car or other,37,No other plans,Own,1,Skilled employee,2,No,Yes,Male,25 and over,1
267,No checking account,36,Critical account / other credits,Business,6304,Unknown / no savings,>= 7 years,4,Male: single,No other debtors,4,Real estate,36,No other plans,Own,2,Skilled employee,1,No,Yes,Male,25 and over,0
268,No checking account,24,Existing credits paid duly,Radio / television,1533,< 100 DM,< 1 year,4,Female: divorced/separated/married,No other debtors,3,Car or other,38,Stores,Own,1,Skilled employee,1,Yes,Yes,Female,25 and over,0
269,< 0 DM,14,Existing credits paid duly,Car (new),8978,< 100 DM,>= 7 years,1,Male: divorced/separated,No other debtors,4,Building society savings / life insurance,45,No other plans,Own,1,Management / self-employed / highly qualified,1,Yes,No,Male,25 and over,1
270,No checking account,24,Existing credits paid duly,Radio / television,999,Unknown / no savings,>= 7 years,4,Male: single,No other debtors,2,Car or other,25,No other plans,Own,2,Skilled employee,1,No,Yes,Male,25 and over,0
271,No checking account,18,Existing credits paid duly,Car (new),2662,Unknown / no savings,4-7 years,4,Male: single,No other debtors,3,Building society savings / life insurance,32,No other plans,Own,1,Skilled employee,1,No,No,Male,25 and over,0
272,No checking account,12,Critical account / other credits,Furniture / equipment,1402,500-1000 DM,4-7 years,3,Female: divorced/separated/married,No other debtors,4,Car or other,37,No other plans,Rent,1,Skilled employee,1,Yes,Yes,Female,25 and over,0
273,0-200 DM,48,All credits at this bank paid duly,Car (new),12169,Unknown / no savings,Unemployed,4,Male: single,Co-applicant,4,Unknown / no property,36,No other plans,For free,1,Management / self-employed / highly qualified,1,Yes,Yes,Male,25 and over,0
274,0-200 DM,48,Existing credits paid duly,Radio / television,3060,< 100 DM,4-7 years,4,Male: single,No other debtors,4,Real estate,28,No other plans,Own,2,Skilled employee,1,No,Yes,Male,25 and over,1
275,< 0 DM,30,Existing credits paid duly,Repairs,11998,< 100 DM,< 1 year,1,Male: divorced/separated,No other debtors,1,Unknown / no property,34,No other plans,Own,1,Unskilled resident,1,Yes,Yes,Male,25 and over,1
276,No checking account,9,Existing credits paid duly,Radio / television,2697,< 100 DM,1-4 years,1,Male: single,No other debtors,2,Real estate,32,No other plans,Own,1,Skilled employee,2,No,Yes,Male,25 and over,0
277,No checking account,18,Critical account / other credits,Radio / television,2404,< 100 DM,1-4 years,2,Female: divorced/separated/married,No other debtors,2,Car or other,26,No other plans,Own,2,Skilled employee,1,No,Yes,Female,25 and over,0
278,< 0 DM,12,Existing credits paid duly,Furniture / equipment,1262,Unknown / no savings,>= 7 years,2,Male: divorced/separated,No other debtors,4,Building society savings / life insurance,49,No other plans,Own,1,Unskilled resident,1,Yes,Yes,Male,25 and over,0
279,No checking account,6,Existing credits paid duly,Furniture / equipment,4611,< 100 DM,< 1 year,1,Female: divorced/separated/married,No other debtors,4,Building society savings / life insurance,32,No other plans,Own,1,Skilled employee,1,No,Yes,Female,25 and over,1
280,No checking account,24,Existing credits paid duly,Radio / television,1901,100-500 DM,1-4 years,4,Male: single,No other debtors,4,Car or other,29,No other plans,Rent,1,Management / self-employed / highly qualified,1,Yes,Yes,Male,25 and over,0
281,No checking account,15,Critical account / other credits,Car (used),3368,>= 1000 DM,>= 7 years,3,Male: single,No other debtors,4,Unknown / no property,23,No other plans,Rent,2,Skilled employee,1,Yes,Yes,Male,Under 25,0
282,No checking account,12,Existing credits paid duly,Furniture / equipment,1574,< 100 DM,1-4 years,4,Male: single,No other debtors,2,Real estate,50,No other plans,Own,1,Skilled employee,1,No,Yes,Male,25 and over,0
283,>= 200 DM,18,All credits at this bank paid duly,Radio / television,1445,Unknown / no savings,4-7 years,4,Male: single,No other debtors,4,Car or other,49,Bank,Own,1,Unskilled resident,1,No,Yes,Male,25 and over,0
284,No checking account,15,Critical account / other credits,Furniture / equipment,1520,Unknown / no savings,>= 7 years,4,Male: single,No other debtors,4,Building society savings / life insurance,63,No other plans,Own,1,Skilled employee,1,No,Yes,Male,25 and over,0
285,0-200 DM,24,Critical account / other credits,Car (new),3878,100-500 DM,< 1 year,4,Male: divorced/separated,No other debtors,2,Car or other,37,No other plans,Own,1,Skilled employee,1,Yes,Yes,Male,25 and over,0
286,< 0 DM,47,Existing credits paid duly,Car (new),10722,< 100 DM,< 1 year,1,Female: divorced/separated/married,No other debtors,1,Real estate,35,No other plans,Own,1,Unskilled resident,1,Yes,Yes,Female,25 and over,0
287,< 0 DM,48,Existing credits paid duly,Car (used),4788,< 100 DM,4-7 years,4,Male: single,No other debtors,3,Building society savings / life insurance,26,No other plans,Own,1,Skilled employee,2,No,Yes,Male,25 and over,0
288,0-200 DM,48,Delay in paying in the past,Others,7582,100-500 DM,Unemployed,2,Male: single,No other debtors,4,Unknown / no property,31,No other plans,For free,1,Management / self-employed / highly qualified,1,Yes,Yes,Male,25 and over,0
289,0-200 DM,12,Existing credits paid duly,Radio / television,1092,< 100 DM,1-4 years,4,Female: divorced/separated/married,Guarantor,4,Real estate,49,No other plans,Own,2,Skilled employee,1,Yes,Yes,Female,25 and over,0
290,< 0 DM,24,Delay in paying in the past,Radio / television,1024,< 100 DM,< 1 year,4,Male: married/widowed,No other debtors,4,Real estate,48,Stores,Own,1,Skilled employee,1,No,Yes,Male,25 and over,1
291,No checking account,12,Existing credits paid duly,Business,1076,< 100 DM,1-4 years,2,Male: married/widowed,No other debtors,2,Real estate,26,No other plans,Own,1,Skilled employee,1,Yes,No,Male,25 and over,0
292,0-200 DM,36,Existing credits paid duly,Car (used),9398,< 100 DM,< 1 year,1,Male: married/widowed,No other debtors,4,Car or other,28,No other plans,Rent,1,Management / self-employed / highly qualified,1,Yes,Yes,Male,25 and over,1
293,< 0 DM,24,Critical account / other credits,Car (used),6419,< 100 DM,>= 7 years,2,Female: divorced/separated/married,No other debtors,4,Unknown / no property,44,No other plans,For free,2,Management / self-employed / highly qualified,2,Yes,Yes,Female,25 and over,0
294,>= 200 DM,42,Critical account / other credits,Car (used),4796,< 100 DM,>= 7 years,4,Male: single,No other debtors,4,Unknown / no property,56,No other plans,For free,1,Skilled employee,1,No,Yes,Male,25 and over,0
295,No checking account,48,Critical account / other credits,Business,7629,Unknown / no savings,>= 7 years,4,Male: divorced/separated,No other debtors,2,Car or other,46,Bank,Own,2,Management / self-employed / highly qualified,2,No,Yes,Male,25 and over,0
296,0-200 DM,48,Existing credits paid duly,Furniture / equipment,9960,< 100 DM,< 1 year,1,Female: divorced/separated/married,No other debtors,2,Car or other,26,No other plans,Own,1,Skilled employee,1,Yes,Yes,Female,25 and over,1
297,No checking account,12,Existing credits paid duly,Car (used),4675,Unknown / no savings,< 1 year,1,Female: divorced/separated/married,No other debtors,4,Car or other,20,No other plans,Rent,1,Skilled employee,1,No,Yes,Female,Under 25,0
298,No checking account,10,Existing credits paid duly,Car (new),1287,Unknown / no savings,>= 7 years,4,Male: single,Co-applicant,2,Building society savings / life insurance,45,No other plans,Own,1,Unskilled resident,1,No,No,Male,25 and over,0
299,No checking account,18,Existing credits paid duly,Furniture / equipment,2515,< 100 DM,1-4 years,3,Male: single,No other debtors,4,Real estate,43,No other plans,Own,1,Skilled employee,1,Yes,Yes,Male,25 and over,0
300,0-200 DM,21,Critical account / other credits,Furniture / equipment,2745,>= 1000 DM,4-7 years,3,Male: single,No other debtors,2,Car or other,32,No other plans,Own,2,Skilled employee,1,Yes,Yes,Male,25 and over,0
301,No checking account,6,Existing credits paid duly,Car (new),672,< 100 DM,Unemployed,1,Female: divorced/separated/married,No other debtors,4,Real estate,54,No other plans,Own,1,Unemployed / unskilled non-resident,1,Yes,Yes,Female,25 and over,0
302,0-200 DM,36,No credits / all paid duly,Radio / television,3804,< 100 DM,1-4 years,4,Female: divorced/separated/married,No other debtors,1,Car or other,42,No other plans,Own,1,Skilled employee,1,Yes,Yes,Female,25 and over,1
303,>= 200 DM,24,Critical account / other credits,Car (new),1344,Unknown / no savings,4-7 years,4,Male: single,No other debtors,2,Real estate,37,Bank,Own,2,Unskilled resident,2,No,Yes,Male,25 and over,1
304,< 0 DM,10,Critical account / other credits,Car (new),1038,< 100 DM,4-7 years,4,Male: single,Co-applicant,3,Building society savings / life insurance,49,No other plans,Own,2,Skilled employee,1,Yes,Yes,Male,25 and over,0
305,No checking account,48,Critical account / other credits,Car (new),10127,500-1000 DM,1-4 years,2,Male: single,No other debtors,2,Unknown / no property,44,Bank,For free,1,Skilled employee,1,No,Yes,Male,25 and over,1
306,No checking account,6,Existing credits paid duly,Furniture / equipment,1543,>= 1000 DM,1-4 years,4,Male: divorced/separated,No other debtors,2,Real estate,33,No other plans,Own,1,Skilled employee,1,No,Yes,Male,25 and over,0
307,No checking account,30,Existing credits paid duly,Car (used),4811,Unknown / no savings,4-7 years,2,Female: divorced/separated/married,No other debtors,4,Building society savings / life insurance,24,Stores,Rent,1,Unskilled resident,1,No,Yes,Female,Under 25,0
308,< 0 DM,12,Existing credits paid duly,Radio / television,727,100-500 DM,< 1 year,4,Male: married/widowed,No other debtors,3,Unknown / no property,33,No other plans,Own,1,Unskilled resident,1,Yes,Yes,Male,25 and over,1
309,0-200 DM,8,Existing credits paid duly,Furniture / equipment,1237,< 100 DM,1-4 years,3,Female: divorced/separated/married,No other debtors,4,Real estate,24,No other plans,Own,1,Skilled employee,1,No,Yes,Female,Under 25,1
310,0-200 DM,9,Existing credits paid duly,Car (new),276,< 100 DM,1-4 years,4,Male: married/widowed,No other debtors,4,Real estate,22,No other plans,Rent,1,Unskilled resident,1,No,Yes,Male,Under 25,0
311,0-200 DM,48,Existing credits paid duly,Others,5381,Unknown / no savings,Unemployed,3,Male: single,No other debtors,4,Unknown / no property,40,Bank,For free,1,Unemployed / unskilled non-resident,1,Yes,Yes,Male,25 and over,0
312,No checking account,24,Existing credits paid duly,Furniture / equipment,5511,100-500 DM,1-4 years,4,Male: single,No other debtors,1,Car or other,25,Stores,Own,1,Skilled employee,1,No,Yes,Male,25 and over,0
313,>= 200 DM,24,Existing credits paid duly,Furniture / equipment,3749,< 100 DM,< 1 year,2,Female: divorced/separated/married,No other debtors,4,Car or other,26,No other plans,Own,1,Skilled employee,1,No,Yes,Female,25 and over,0
314,0-200 DM,12,Existing credits paid duly,Car (new),685,< 100 DM,4-7 years,2,Male: married/widowed,No other debtors,3,Car or other,25,Bank,Own,1,Unskilled resident,1,No,Yes,Male,25 and over,1
315,>= 200 DM,4,Existing credits paid duly,Car (new),1494,Unknown / no savings,< 1 year,1,Male: single,No other debtors,2,Real estate,29,No other plans,Own,1,Unskilled resident,2,No,No,Male,25 and over,0
316,< 0 DM,36,All credits at this bank paid duly,Furniture / equipment,2746,< 100 DM,>= 7 years,4,Male: single,No other debtors,4,Car or other,31,Bank,Own,1,Skilled employee,1,No,Yes,Male,25 and over,1
317,< 0 DM,12,Existing credits paid duly,Furniture / equipment,708,< 100 DM,1-4 years,2,Male: single,Guarantor,3,Building society savings / life insurance,38,No other plans,Own,1,Unskilled resident,2,No,Yes,Male,25 and over,0
318,0-200 DM,24,Existing credits paid duly,Furniture / equipment,4351,Unknown / no savings,1-4 years,1,Female: divorced/separated/married,No other debtors,4,Building society savings / life insurance,48,No other plans,Own,1,Unskilled resident,1,Yes,Yes,Female,25 and over,0
319,No checking account,12,Critical account / other credits,Education,701,< 100 DM,1-4 years,4,Male: single,No other debtors,2,Car or other,32,No other plans,Own,2,Skilled employee,1,No,Yes,Male,25 and over,0
320,< 0 DM,15,Delay in paying in the past,Furniture / equipment,3643,< 100 DM,>= 7 years,1,Female: divorced/separated/married,No other debtors,4,Building society savings / life insurance,27,No other plans,Own,2,Unskilled resident,1,No,Yes,Female,25 and over,0
321,0-200 DM,30,Critical account / other credits,Car (new),4249,< 100 DM,Unemployed,4,Male: married/widowed,No other debtors,2,Car or other,28,No other plans,Own,2,Management / self-employed / highly qualified,1,No,Yes,Male,25 and over,1
322,< 0 DM,24,Existing credits paid duly,Radio / television,1938,< 100 DM,< 1 year,4,Male: divorced/separated,No other debtors,3,Building society savings / life insurance,32,No other plans,Own,1,Skilled employee,1,No,Yes,Male,25 and over,1
323,< 0 DM,24,Existing credits paid duly,Car (used),2910,< 100 DM,4-7 years,2,Male: single,No other debtors,1,Unknown / no property,34,No other plans,For free,1,Management / self-employed / highly qualified,1,Yes,Yes,Male,25 and over,0
324,< 0 DM,18,Existing credits paid duly,Furniture / equipment,2659,>= 1000 DM,1-4 years,4,Male: single,No other debtors,2,Car or other,28,No other plans,Own,1,Skilled employee,1,No,Yes,Male,25 and over,0
325,No checking account,18,Critical account / other credits,Car (new),1028,< 100 DM,1-4 years,4,Female: divorced/separated/married,No other debtors,3,Real estate,36,No other plans,Own,2,Skilled employee,1,No,Yes,Female,25 and over,0
326,< 0 DM,8,Critical account / other credits,Car (new),3398,< 100 DM,4-7 years,1,Male: single,No other debtors,4,Real estate,39,No other plans,Own,2,Unskilled resident,1,No,No,Male,25 and over,0
327,No checking account,12,Critical account / other credits,Furniture / equipment,5801,Unknown / no savings,>= 7 years,2,Male: single,No other debtors,4,Building society savings / life insurance,49,No other plans,Rent,1,Skilled employee,1,Yes,Yes,Male,25 and over,0
328,No checking account,24,Existing credits paid duly,Car (new),1525,>= 1000 DM,4-7 years,4,Female: divorced/separated/married,No other debtors,3,Car or other,34,No other plans,Own,1,Skilled employee,2,Yes,Yes,Female,25 and over,0
329,>= 200 DM,36,Existing credits paid duly,Radio / television,4473,< 100 DM,>= 7 years,4,Male: single,No other debtors,2,Car or other,31,No other plans,Own,1,Skilled employee,1,No,Yes,Male,25 and over,0
330,0-200 DM,6,Existing credits paid duly,Radio / television,1068,< 100 DM,>= 7 years,4,Male: single,No other debtors,4,Car or other,28,No other plans,Own,1,Skilled employee,2,No,Yes,Male,25 and over,0
331,< 0 DM,24,Critical account / other credits,Car (used),6615,< 100 DM,Unemployed,2,Male: single,No other debtors,4,Unknown / no property,75,No other plans,For free,2,Management / self-employed / highly qualified,1,Yes,Yes,Male,25 and over,0
332,No checking account,18,Critical account / other credits,Education,1864,100-500 DM,1-4 years,4,Female: divorced/separated/married,No other debtors,2,Real estate,30,No other plans,Own,2,Skilled employee,1,No,Yes,Female,25 and over,1
333,0-200 DM,60,Existing credits paid duly,Car (new),7408,100-500 DM,< 1 year,4,Female: divorced/separated/married,No other debtors,2,Building society savings / life insurance,24,No other plans,Own,1,Management / self-employed / highly qualified,1,No,Yes,Female,Under 25,1
334,No checking account,48,Critical account / other credits,Car (used),11590,100-500 DM,1-4 years,2,Female: divorced/separated/married,No other debtors,4,Car or other,24,Bank,Rent,2,Unskilled resident,1,No,Yes,Female,Under 25,1
335,< 0 DM,24,No credits / all paid duly,Furniture / equipment,4110,< 100 DM,>= 7 years,3,Male: single,No other debtors,4,Unknown / no property,23,Bank,Rent,2,Skilled employee,2,No,Yes,Male,Under 25,1
336,< 0 DM,6,Critical account / other credits,Furniture / equipment,3384,< 100 DM,1-4 years,1,Male: divorced/separated,No other debtors,4,Real estate,44,No other plans,Rent,1,Management / self-employed / highly qualified,1,Yes,Yes,Male,25 and over,1
337,0-200 DM,13,Existing credits paid duly,Radio / television,2101,< 100 DM,< 1 year,2,Female: divorced/separated/married,Guarantor,4,Building society savings / life insurance,23,No other plans,Own,1,Unskilled resident,1,No,Yes,Female,Under 25,0
338,< 0 DM,15,Existing credits paid duly,Domestic appliances,1275,Unknown / no savings,1-4 years,4,Female: divorced/separated/married,No other debtors,2,Car or other,24,No other plans,Rent,1,Skilled employee,1,No,Yes,Female,Under 25,1
339,< 0 DM,24,Existing credits paid duly,Furniture / equipment,4169,< 100 DM,1-4 years,4,Male: single,No other debtors,4,Building society savings / life insurance,28,No other plans,Own,1,Skilled employee,1,No,Yes,Male,25 and over,0
340,0-200 DM,10,Existing credits paid duly,Furniture / equipment,1521,< 100 DM,1-4 years,4,Male: divorced/separated,No other debtors,2,Car or other,31,No other plans,Own,1,Unskilled resident,1,No,Yes,Male,25 and over,0
341,0-200 DM,24,Critical account / other credits,Education,5743,< 100 DM,< 1 year,2,Female: divorced/separated/married,No other debtors,4,Unknown / no property,24,No other plans,For free,2,Skilled employee,1,Yes,Yes,Female,Under 25,0
342,< 0 DM,21,Existing credits paid duly,Furniture / equipment,3599,< 100 DM,4-7 years,1,Female: divorced/separated/married,No other debtors,4,Car or other,26,No other plans,Rent,1,Unskilled resident,1,No,Yes,Female,25 and over,0
343,0-200 DM,18,Existing credits paid duly,Radio / television,3213,500-1000 DM,< 1 year,1,Male: married/widowed,No other debtors,3,Real estate,25,No other plans,Rent,1,Skilled employee,1,No,Yes,Male,25 and over,0
344,0-200 DM,18,Existing credits paid duly,Business,4439,< 100 DM,>= 7 years,1,Male: single,Co-applicant,1,Real estate,33,Bank,Own,1,Management / self-employed / highly qualified,1,Yes,Yes,Male,25 and over,0
345,>= 200 DM,10,Existing credits paid duly,Car (new),3949,< 100 DM,< 1 year,1,Male: single,Guarantor,1,Building society savings / life insurance,37,No other plans,Own,1,Unskilled resident,2,No,Yes,Male,25 and over,0
346,No checking account,15,Critical account / other credits,Radio / television,1459,< 100 DM,1-4 years,4,Female: divorced/separated/married,No other debtors,2,Car or other,43,No other plans,Own,1,Unskilled resident,1,No,Yes,Female,25 and over,0
347,0-200 DM,13,Critical account / other credits,Radio / television,882,< 100 DM,< 1 year,4,Male: single,Guarantor,4,Real estate,23,No other plans,Own,2,Skilled employee,1,No,Yes,Male,Under 25,0
348,0-200 DM,24,Existing credits paid duly,Radio / television,3758,500-1000 DM,Unemployed,1,Female: divorced/separated/married,No other debtors,4,Unknown / no property,23,No other plans,Rent,1,Unemployed / unskilled non-resident,1,No,Yes,Female,Under 25,0
349,No checking account,6,Delay in paying in the past,Business,1743,100-500 DM,1-4 years,1,Male: single,No other debtors,2,Real estate,34,No other plans,Own,2,Unskilled resident,1,No,Yes,Male,25 and over,0
350,0-200 DM,9,Critical account / other credits,Education,1136,>= 1000 DM,>= 7 years,4,Male: single,No other debtors,3,Unknown / no property,32,No other plans,For free,2,Skilled employee,2,No,Yes,Male,25 and over,1
351,No checking account,9,Existing credits paid duly,Domestic appliances,1236,< 100 DM,< 1 year,1,Female: divorced/separated/married,No other debtors,4,Real estate,23,No other plans,Rent,1,Skilled employee,1,Yes,Yes,Female,Under 25,0
352,0-200 DM,9,Existing credits paid duly,Furniture / equipment,959,< 100 DM,1-4 years,1,Female: divorced/separated/married,No other debtors,2,Car or other,29,No other plans,Own,1,Skilled employee,1,No,No,Female,25 and over,1
353,No checking account,18,Critical account / other credits,Car (used),3229,Unknown / no savings,Unemployed,2,Male: single,No other debtors,4,Unknown / no property,38,No other plans,Own,1,Management / self-employed / highly qualified,1,Yes,Yes,Male,25 and over,0
354,< 0 DM,12,No credits / all paid duly,Radio / television,6199,< 100 DM,1-4 years,4,Male: single,No other debtors,2,Building society savings / life insurance,28,No other plans,Rent,2,Skilled employee,1,Yes,Yes,Male,25 and over,1
355,No checking account,10,Existing credits paid duly,Education,727,500-1000 DM,>= 7 years,4,Male: single,No other debtors,4,Unknown / no property,46,No other plans,For free,1,Skilled employee,1,Yes,Yes,Male,25 and over,0
356,0-200 DM,24,Existing credits paid duly,Car (new),1246,< 100 DM,< 1 year,4,Male: single,No other debtors,2,Real estate,23,Stores,Own,1,Unskilled resident,1,No,Yes,Male,Under 25,1
357,No checking account,12,Critical account / other credits,Radio / television,2331,Unknown / no savings,>= 7 years,1,Male: single,Co-applicant,4,Real estate,49,No other plans,Own,1,Skilled employee,1,Yes,Yes,Male,25 and over,0
358,No checking account,36,Delay in paying in the past,Radio / television,4463,< 100 DM,1-4 years,4,Male: single,No other debtors,2,Car or other,26,No other plans,Own,2,Management / self-employed / highly qualified,1,Yes,Yes,Male,25 and over,1
359,No checking account,12,Existing credits paid duly,Radio / television,776,< 100 DM,1-4 years,4,Male: married/widowed,No other debtors,2,Real estate,28,No other plans,Own,1,Skilled employee,1,No,Yes,Male,25 and over,0
360,< 0 DM,30,Existing credits paid duly,Furniture / equipment,2406,< 100 DM,4-7 years,4,Female: divorced/separated/married,No other debtors,4,Real estate,23,No other plans,Rent,1,Skilled employee,1,No,Yes,Female,Under 25,1
361,0-200 DM,18,Existing credits paid duly,Education,1239,Unknown / no savings,1-4 years,4,Male: single,No other debtors,4,Unknown / no property,61,No other plans,For free,1,Skilled employee,1,No,Yes,Male,25 and over,0
362,>= 200 DM,12,Existing credits paid duly,Radio / television,3399,Unknown / no savings,>= 7 years,2,Male: single,No other debtors,3,Car or other,37,No other plans,Own,1,Management / self-employed / highly qualified,1,No,Yes,Male,25 and over,0
363,>= 200 DM,12,Delay in paying in the past,Car (new),2247,< 100 DM,1-4 years,2,Female: divorced/separated/married,No other debtors,2,Car or other,36,Stores,Own,2,Skilled employee,1,Yes,Yes,Female,25 and over,0
364,No checking account,6,Existing credits paid duly,Furniture / equipment,1766,< 100 DM,1-4 years,1,Male: married/widowed,No other debtors,2,Building society savings / life insurance,21,No other plans,Rent,1,Skilled employee,1,No,Yes,Male,Under 25,0
365,< 0 DM,18,Existing credits paid duly,Furniture / equipment,2473,< 100 DM,Unemployed,4,Male: single,No other debtors,1,Car or other,25,No other plans,Own,1,Unemployed / unskilled non-resident,1,No,Yes,Male,25 and over,1
366,No checking account,12,Existing credits paid duly,Business,1542,< 100 DM,4-7 years,2,Male: single,No other debtors,4,Car or other,36,No other plans,Own,1,Skilled employee,1,Yes,Yes,Male,25 and over,0
367,No checking account,18,Critical account / other credits,Car (used),3850,< 100 DM,4-7 years,3,Male: single,No other debtors,1,Car or other,27,No other plans,Own,2,Skilled employee,1,No,Yes,Male,25 and over,0
368,< 0 DM,18,Existing credits paid duly,Furniture / equipment,3650,< 100 DM,< 1 year,1,Female: divorced/separated/married,No other debtors,4,Car or other,22,No other plans,Rent,1,Skilled employee,1,No,Yes,Female,Under 25,0
369,< 0 DM,36,Existing credits paid duly,Furniture / equipment,3446,< 100 DM,>= 7 years,4,Male: single,No other debtors,2,Car or other,42,No other plans,Own,1,Skilled employee,2,No,Yes,Male,25 and over,1
370,0-200 DM,18,Existing credits paid duly,Furniture / equipment,3001,< 100 DM,4-7 years,2,Female: divorced/separated/married,No other debtors,4,Real estate,40,No other plans,Rent,1,Skilled employee,1,No,Yes,Female,25 and over,0
371,No checking account,36,Existing credits paid duly,Car (new),3079,Unknown / no savings,1-4 years,4,Male: single,No other debtors,4,Real estate,36,No other plans,Own,1,Skilled employee,1,No,Yes,Male,25 and over,0
372,No checking account,18,Critical account / other credits,Radio / television,6070,< 100 DM,>= 7 years,3,Male: single,No other debtors,4,Car or other,33,No other plans,Own,2,Skilled employee,1,Yes,Yes,Male,25 and over,0
373,No checking account,10,Critical account / other credits,Furniture / equipment,2146,< 100 DM,< 1 year,1,Female: divorced/separated/married,No other debtors,3,Real estate,23,No other plans,Rent,2,Skilled employee,1,No,Yes,Female,Under 25,0
374,No checking account,60,Critical account / other credits,Car (new),13756,Unknown / no savings,>= 7 years,2,Male: single,No other debtors,4,Unknown / no property,63,Bank,For free,1,Management / self-employed / highly qualified,1,Yes,Yes,Male,25 and over,0
375,0-200 DM,60,All credits at this bank paid duly,Others,14782,100-500 DM,>= 7 years,3,Female: divorced/separated/married,No other debtors,4,Unknown / no property,60,Bank,For free,2,Management / self-employed / highly qualified,1,Yes,Yes,Female,25 and over,1
376,< 0 DM,48,All credits at this bank paid duly,Business,7685,< 100 DM,4-7 years,2,Female: divorced/separated/married,Guarantor,4,Car or other,37,No other plans,Rent,1,Skilled employee,1,No,Yes,Female,25 and over,1
377,No checking account,18,Delay in paying in the past,Radio / television,2320,< 100 DM,Unemployed,2,Male: married/widowed,No other debtors,3,Real estate,34,No other plans,Own,2,Skilled employee,1,No,Yes,Male,25 and over,0
378,No checking account,7,Delay in paying in the past,Radio / television,846,Unknown / no savings,>= 7 years,3,Male: single,No other debtors,4,Unknown / no property,36,No other plans,For free,1,Skilled employee,1,No,Yes,Male,25 and over,0
379,0-200 DM,36,Existing credits paid duly,Car (new),14318,< 100 DM,>= 7 years,4,Male: single,No other debtors,2,Unknown / no property,57,No other plans,For free,1,Management / self-employed / highly qualified,1,Yes,Yes,Male,25 and over,1
380,No checking account,6,Critical account / other credits,Car (new),362,100-500 DM,1-4 years,4,Female: divorced/separated/married,No other debtors,4,Car or other,52,No other plans,Own,2,Unskilled resident,1,No,Yes,Female,25 and over,0
381,< 0 DM,20,Existing credits paid duly,Furniture / equipment,2212,Unknown / no savings,4-7 years,4,Male: single,No other debtors,4,Car or other,39,No other plans,Own,1,Skilled employee,1,Yes,Yes,Male,25 and over,0
382,0-200 DM,18,Existing credits paid duly,Car (used),12976,< 100 DM,Unemployed,3,Female: divorced/separated/married,No other debtors,4,Unknown / no property,38,No other plans,For free,1,Management / self-employed / highly qualified,1,Yes,Yes,Female,25 and over,1
383,No checking account,22,Existing credits paid duly,Car (new),1283,Unknown / no savings,4-7 years,4,Female: divorced/separated/married,No other debtors,4,Building society savings / life insurance,25,No other plans,Rent,1,Skilled employee,1,No,Yes,Female,25 and over,0
384,>= 200 DM,12,Existing credits paid duly,Car (new),1330,< 100 DM,< 1 year,4,Male: single,No other debtors,1,Real estate,26,No other plans,Own,1,Skilled employee,1,No,Yes,Male,25 and over,0
385,No checking account,30,Delay in paying in the past,Business,4272,100-500 DM,1-4 years,2,Male: single,No other debtors,2,Building society savings / life insurance,26,No other plans,Own,2,Unskilled resident,1,No,Yes,Male,25 and over,0
386,No checking account,18,Critical account / other credits,Radio / television,2238,< 100 DM,1-4 years,2,Female: divorced/separated/married,No other debtors,1,Car or other,25,No other plans,Own,2,Skilled employee,1,No,Yes,Female,25 and over,0
387,No checking account,18,Existing credits paid duly,Radio / television,1126,Unknown / no savings,< 1 year,4,Female: divorced/separated/married,No other debtors,2,Real estate,21,No other plans,Rent,1,Skilled employee,1,Yes,Yes,Female,Under 25,0
388,0-200 DM,18,Critical account / other credits,Furniture / equipment,7374,< 100 DM,Unemployed,4,Male: single,No other debtors,4,Building society savings / life insurance,40,Stores,Own,2,Management / self-employed / highly qualified,1,Yes,Yes,Male,25 and over,0
389,0-200 DM,15,Critical account / other credits,Business,2326,500-1000 DM,1-4 years,2,Male: single,No other debtors,4,Car or other,27,Bank,Own,1,Skilled employee,1,No,Yes,Male,25 and over,0
390,No checking account,9,Existing credits paid duly,Business,1449,< 100 DM,4-7 years,3,Female: divorced/separated/married,No other debtors,2,Car or other,27,No other plans,Own,2,Skilled employee,1,No,Yes,Female,25 and over,0
391,No checking account,18,Existing credits paid duly,Car (new),1820,< 100 DM,1-4 years,2,Male: married/widowed,No other debtors,2,Building society savings / life insurance,30,No other plans,Own,1,Management / self-employed / highly qualified,1,Yes,Yes,Male,25 and over,0
392,0-200 DM,12,Existing credits paid duly,Furniture / equipment,983,>= 1000 DM,< 1 year,1,Female: divorced/separated/married,No other debtors,4,Real estate,19,No other plans,Rent,1,Unskilled resident,1,No,Yes,Female,Under 25,0
393,< 0 DM,36,Existing credits paid duly,Car (new),3249,< 100 DM,4-7 years,2,Male: single,No other debtors,4,Unknown / no property,39,Bank,For free,1,Management / self-employed / highly qualified,2,Yes,Yes,Male,25 and over,0
394,< 0 DM,6,Critical account / other credits,Radio / television,1957,< 100 DM,4-7 years,1,Female: divorced/separated/married,No other debtors,4,Car or other,31,No other plans,Own,1,Skilled employee,1,No,Yes,Female,25 and over,0
395,No checking account,9,Critical account / other credits,Furniture / equipment,2406,< 100 DM,Unemployed,2,Male: single,No other debtors,3,Car or other,31,No other plans,Own,1,Management / self-employed / highly qualified,1,No,Yes,Male,25 and over,0
396,0-200 DM,39,Delay in paying in the past,Education,11760,100-500 DM,4-7 years,2,Male: single,No other debtors,3,Unknown / no property,32,No other plans,Rent,1,Skilled employee,1,Yes,Yes,Male,25 and over,0
397,< 0 DM,12,Existing credits paid duly,Furniture / equipment,2578,< 100 DM,Unemployed,3,Female: divorced/separated/married,No other debtors,4,Unknown / no property,55,No other plans,For free,1,Management / self-employed / highly qualified,1,No,Yes,Female,25 and over,0
398,< 0 DM,36,Critical account / other credits,Furniture / equipment,2348,< 100 DM,1-4 years,3,Male: married/widowed,No other debtors,2,Building society savings / life insurance,46,No other plans,Own,2,Skilled employee,1,Yes,Yes,Male,25 and over,0
399,0-200 DM,12,Existing credits paid duly,Car (new),1223,< 100 DM,>= 7 years,1,Male: divorced/separated,No other debtors,1,Real estate,46,No other plans,Rent,2,Skilled employee,1,No,Yes,Male,25 and over,1
400,No checking account,24,Critical account / other credits,Radio / television,1516,>= 1000 DM,1-4 years,4,Female: divorced/separated/married,No other debtors,1,Real estate,43,No other plans,Own,2,Unskilled resident,1,No,Yes,Female,25 and over,0
401,No checking account,18,Existing credits paid duly,Radio / television,1473,< 100 DM,< 1 year,3,Male: married/widowed,No other debtors,4,Real estate,39,No other plans,Own,1,Skilled employee,1,Yes,Yes,Male,25 and over,0
402,0-200 DM,18,Critical account / other credits,Business,1887,Unknown / no savings,1-4 years,4,Male: married/widowed,No other debtors,4,Real estate,28,Bank,Own,2,Skilled employee,1,No,Yes,Male,25 and over,0
403,No checking account,24,Delay in paying in the past,Business,8648,< 100 DM,< 1 year,2,Male: single,No other debtors,2,Car or other,27,Bank,Own,2,Skilled employee,1,Yes,Yes,Male,25 and over,1
404,No checking account,14,Delay in paying in the past,Car (new),802,< 100 DM,1-4 years,4,Male: single,No other debtors,2,Car or other,27,No other plans,Own,2,Unskilled resident,1,No,Yes,Male,25 and over,0
405,0-200 DM,18,Delay in paying in the past,Car (new),2899,Unknown / no savings,>= 7 years,4,Male: single,No other debtors,4,Car or other,43,No other plans,Own,1,Skilled employee,2,No,Yes,Male,25 and over,0
406,0-200 DM,24,Existing credits paid duly,Radio / television,2039,< 100 DM,< 1 year,1,Male: married/widowed,No other debtors,1,Building society savings / life insurance,22,No other plans,Own,1,Skilled employee,1,Yes,Yes,Male,Under 25,1
407,No checking account,24,Critical account / other credits,Car (used),2197,Unknown / no savings,4-7 years,4,Male: single,No other debtors,4,Car or other,43,No other plans,Own,2,Skilled employee,2,Yes,Yes,Male,25 and over,0
408,< 0 DM,15,Existing credits paid duly,Radio / television,1053,< 100 DM,< 1 year,4,Male: married/widowed,No other debtors,2,Real estate,27,No other plans,Own,1,Skilled employee,1,No,No,Male,25 and over,0
409,No checking account,24,Existing credits paid duly,Radio / television,3235,500-1000 DM,>= 7 years,3,Male: divorced/separated,No other debtors,2,Car or other,26,No other plans,Own,1,Management / self-employed / highly qualified,1,Yes,Yes,Male,25 and over,0
410,>= 200 DM,12,Critical account / other credits,Car (new),939,500-1000 DM,4-7 years,4,Male: married/widowed,No other debtors,2,Real estate,28,No other plans,Own,3,Skilled employee,1,Yes,Yes,Male,25 and over,1
411,0-200 DM,24,Existing credits paid duly,Radio / television,1967,< 100 DM,>= 7 years,4,Female: divorced/separated/married,No other debtors,4,Car or other,20,No other plans,Own,1,Skilled employee,1,Yes,Yes,Female,Under 25,0
412,No checking account,33,Critical account / other credits,Car (used),7253,< 100 DM,4-7 years,3,Male: single,No other debtors,2,Car or other,35,No other plans,Own,2,Management / self-employed / highly qualified,1,Yes,Yes,Male,25 and over,0
413,No checking account,12,Critical account / other credits,Business,2292,< 100 DM,Unemployed,4,Male: single,No other debtors,2,Car or other,42,Stores,Own,2,Management / self-employed / highly qualified,1,Yes,Yes,Male,25 and over,1
414,No checking account,10,Existing credits paid duly,Car (new),1597,500-1000 DM,1-4 years,3,Male: single,No other debtors,2,Unknown / no property,40,No other plans,Rent,1,Unskilled resident,2,No,No,Male,25 and over,0
415,< 0 DM,24,Existing credits paid duly,Car (new),1381,Unknown / no savings,1-4 years,4,Female: divorced/separated/married,No other debtors,2,Building society savings / life insurance,35,No other plans,Own,1,Skilled employee,1,No,Yes,Female,25 and over,1
416,No checking account,36,Critical account / other credits,Car (used),5842,< 100 DM,>= 7 years,2,Male: single,No other debtors,2,Building society savings / life insurance,35,No other plans,Own,2,Skilled employee,2,Yes,Yes,Male,25 and over,0
417,< 0 DM,12,Existing credits paid duly,Car (new),2579,< 100 DM,< 1 year,4,Male: single,No other debtors,1,Real estate,33,No other plans,Own,1,Unskilled resident,2,No,Yes,Male,25 and over,1
418,< 0 DM,18,Delay in paying in the past,Education,8471,Unknown / no savings,1-4 years,1,Female: divorced/separated/married,No other debtors,2,Car or other,23,No other plans,Rent,2,Skilled employee,1,Yes,Yes,Female,Under 25,0
419,No checking account,21,Existing credits paid duly,Car (new),2782,500-1000 DM,4-7 years,1,Female: divorced/separated/married,No other debtors,2,Car or other,31,Bank,Own,1,Management / self-employed / highly qualified,1,No,Yes,Female,25 and over,0
420,0-200 DM,18,Existing credits paid duly,Car (new),1042,Unknown / no savings,1-4 years,4,Female: divorced/separated/married,No other debtors,2,Building society savings / life insurance,33,No other plans,Own,1,Skilled employee,1,No,Yes,Female,25 and over,1
421,No checking account,15,Existing credits paid duly,Car (new),3186,>= 1000 DM,4-7 years,2,Female: divorced/separated/married,No other debtors,3,Car or other,20,No other plans,Rent,1,Skilled employee,1,No,Yes,Female,Under 25,0
422,0-200 DM,12,Existing credits paid duly,Car (used),2028,Unknown / no savings,1-4 years,4,Male: single,No other debtors,2,Car or other,30,No other plans,Own,1,Skilled employee,1,No,Yes,Male,25 and over,0
423,0-200 DM,12,Critical account / other credits,Car (new),958,< 100 DM,4-7 years,2,Male: single,No other debtors,3,Real estate,47,No other plans,Own,2,Unskilled resident,2,No,Yes,Male,25 and over,0
424,No checking account,21,Delay in paying in the past,Furniture / equipment,1591,100-500 DM,4-7 years,4,Male: single,No other debtors,3,Real estate,34,No other plans,Own,2,Management / self-employed / highly qualified,1,No,Yes,Male,25 and over,0
425,0-200 DM,12,Existing credits paid duly,Furniture / equipment,2762,Unknown / no savings,>= 7 years,1,Female: divorced/separated/married,No other debtors,2,Building society savings / life insurance,25,Bank,Own,1,Skilled employee,1,Yes,Yes,Female,25 and over,1
426,0-200 DM,18,Existing credits paid duly,Car (used),2779,< 100 DM,1-4 years,1,Male: married/widowed,No other debtors,3,Car or other,21,No other plans,Rent,1,Skilled employee,1,Yes,Yes,Male,Under 25,0
427,No checking account,28,Critical account / other credits,Radio / television,2743,< 100 DM,>= 7 years,4,Male: single,No other debtors,2,Car or other,29,No other plans,Own,2,Skilled employee,1,No,Yes,Male,25 and over,0
428,No checking account,18,Critical account / other credits,Radio / television,1149,>= 1000 DM,1-4 years,4,Male: single,No other debtors,3,Real estate,46,No other plans,Own,2,Skilled employee,1,No,Yes,Male,25 and over,0
429,No checking account,9,Existing credits paid duly,Furniture / equipment,1313,< 100 DM,>= 7 years,1,Male: single,No other debtors,4,Car or other,20,No other plans,Own,1,Skilled employee,1,No,Yes,Male,Under 25,0
430,< 0 DM,18,Critical account / other credits,Repairs,1190,< 100 DM,Unemployed,2,Female: divorced/separated/married,No other debtors,4,Unknown / no property,55,No other plans,For free,3,Unemployed / unskilled non-resident,2,No,Yes,Female,25 and over,1
431,No checking account,5,Existing credits paid duly,Business,3448,< 100 DM,4-7 years,1,Male: single,No other debtors,4,Real estate,74,No other plans,Own,1,Unskilled resident,1,No,Yes,Male,25 and over,0
432,0-200 DM,24,Existing credits paid duly,Others,11328,< 100 DM,1-4 years,2,Male: single,Co-applicant,3,Car or other,29,Bank,Own,2,Management / self-employed / highly qualified,1,Yes,Yes,Male,25 and over,1
433,< 0 DM,6,Critical account / other credits,Furniture / equipment,1872,< 100 DM,Unemployed,4,Male: single,No other debtors,4,Unknown / no property,36,No other plans,For free,3,Management / self-employed / highly qualified,1,Yes,Yes,Male,25 and over,0
434,No checking account,24,Critical account / other credits,Repairs,2058,< 100 DM,1-4 years,4,Male: divorced/separated,No other debtors,2,Real estate,33,No other plans,Own,2,Skilled employee,1,Yes,Yes,Male,25 and over,0
435,< 0 DM,9,Existing credits paid duly,Furniture / equipment,2136,< 100 DM,1-4 years,3,Male: single,No other debtors,2,Real estate,25,No other plans,Own,1,Skilled employee,1,No,Yes,Male,25 and over,0
436,0-200 DM,12,Existing credits paid duly,Radio / television,1484,Unknown / no savings,1-4 years,2,Male: married/widowed,No other debtors,1,Real estate,25,No other plans,Own,1,Skilled employee,1,Yes,Yes,Male,25 and over,1
437,No checking account,6,Existing credits paid duly,Repairs,660,500-1000 DM,4-7 years,2,Male: married/widowed,No other debtors,4,Real estate,23,No other plans,Rent,1,Unskilled resident,1,No,Yes,Male,Under 25,0
438,No checking account,24,Critical account / other credits,Car (new),1287,>= 1000 DM,>= 7 years,4,Female: divorced/separated/married,No other debtors,4,Real estate,37,No other plans,Own,2,Skilled employee,1,Yes,Yes,Female,25 and over,0
439,< 0 DM,42,Critical account / other credits,Repairs,3394,< 100 DM,Unemployed,4,Male: single,Co-applicant,4,Car or other,65,No other plans,Own,2,Unemployed / unskilled non-resident,1,No,Yes,Male,25 and over,0
440,>= 200 DM,12,All credits at this bank paid duly,Business,609,< 100 DM,< 1 year,4,Female: divorced/separated/married,No other debtors,1,Real estate,26,No other plans,Own,1,Unemployed / unskilled non-resident,1,No,Yes,Female,25 and over,1
441,No checking account,12,Existing credits paid duly,Car (new),1884,< 100 DM,>= 7 years,4,Male: single,No other debtors,4,Car or other,39,No other plans,Own,1,Management / self-employed / highly qualified,1,Yes,Yes,Male,25 and over,0
442,< 0 DM,12,Existing credits paid duly,Furniture / equipment,1620,< 100 DM,1-4 years,2,Female: divorced/separated/married,Co-applicant,3,Building society savings / life insurance,30,No other plans,Own,1,Skilled employee,1,No,Yes,Female,25 and over,0
443,0-200 DM,20,Delay in paying in the past,Others,2629,< 100 DM,1-4 years,2,Male: single,No other debtors,3,Car or other,29,Bank,Own,2,Skilled employee,1,Yes,Yes,Male,25 and over,0
444,No checking account,12,Existing credits paid duly,Education,719,< 100 DM,>= 7 years,4,Male: single,No other debtors,4,Car or other,41,Bank,Own,1,Unskilled resident,2,No,Yes,Male,25 and over,1
445,0-200 DM,48,Critical account / other credits,Furniture / equipment,5096,< 100 DM,1-4 years,2,Female: divorced/separated/married,No other debtors,3,Car or other,30,No other plans,Own,1,Management / self-employed / highly qualified,1,Yes,Yes,Female,25 and over,1
446,No checking account,9,Critical account / other credits,Education,1244,Unknown / no savings,>= 7 years,4,Female: divorced/separated/married,No other debtors,4,Building society savings / life insurance,41,No other plans,Rent,2,Unskilled resident,1,No,Yes,Female,25 and over,0
447,< 0 DM,36,Existing credits paid duly,Car (new),1842,< 100 DM,< 1 year,4,Female: divorced/separated/married,No other debtors,4,Car or other,34,No other plans,Own,1,Skilled employee,1,Yes,Yes,Female,25 and over,1
448,0-200 DM,7,Existing credits paid duly,Radio / television,2576,< 100 DM,1-4 years,2,Male: single,Guarantor,2,Real estate,35,No other plans,Own,1,Skilled employee,1,No,Yes,Male,25 and over,0
449,>= 200 DM,12,Existing credits paid duly,Furniture / equipment,1424,Unknown / no savings,>= 7 years,3,Female: divorced/separated/married,No other debtors,4,Real estate,55,No other plans,Own,1,Management / self-employed / highly qualified,1,Yes,Yes,Female,25 and over,0
450,0-200 DM,15,Delay in paying in the past,Repairs,1512,>= 1000 DM,1-4 years,3,Male: married/widowed,No other debtors,3,Building society savings / life insurance,61,Stores,Own,2,Skilled employee,1,No,Yes,Male,25 and over,1
451,No checking account,36,Critical account / other credits,Car (used),11054,Unknown / no savings,1-4 years,4,Male: single,No other debtors,2,Car or other,30,No other plans,Own,1,Management / self-employed / highly qualified,1,Yes,Yes,Male,25 and over,0
452,No checking account,6,Existing credits paid duly,Radio / television,518,< 100 DM,1-4 years,3,Female: divorced/separated/married,No other debtors,1,Real estate,29,No other plans,Own,1,Skilled employee,1,No,Yes,Female,25 and over,0
453,No checking account,12,No credits / all paid duly,Furniture / equipment,2759,< 100 DM,>= 7 years,2,Male: single,No other debtors,4,Building society savings / life insurance,34,No other plans,Own,2,Skilled employee,1,No,Yes,Male,25 and over,0
454,No checking account,24,Existing credits paid duly,Car (used),2670,< 100 DM,>= 7 years,4,Male: single,No other debtors,4,Car or other,35,No other plans,Own,1,Management / self-employed / highly qualified,1,Yes,Yes,Male,25 and over,0
455,< 0 DM,24,Existing credits paid duly,Car (new),4817,< 100 DM,4-7 years,2,Male: single,Co-applicant,3,Building society savings / life insurance,31,No other plans,Own,1,Skilled employee,1,Yes,Yes,Male,25 and over,1
456,No checking account,24,Existing credits paid duly,Car (used),2679,< 100 DM,< 1 year,4,Female: divorced/separated/married,No other debtors,1,Unknown / no property,29,No other plans,Own,1,Management / self-employed / highly qualified,1,Yes,Yes,Female,25 and over,0
457,< 0 DM,11,Critical account / other credits,Car (new),3905,< 100 DM,1-4 years,2,Male: single,No other debtors,2,Real estate,36,No other plans,Rent,2,Skilled employee,2,No,Yes,Male,25 and over,0
458,< 0 DM,12,Existing credits paid duly,Car (used),3386,< 100 DM,>= 7 years,3,Male: single,No other debtors,4,Unknown / no property,35,No other plans,For free,1,Skilled employee,1,Yes,Yes,Male,25 and over,1
459,< 0 DM,6,Existing credits paid duly,Domestic appliances,343,< 100 DM,< 1 year,4,Female: divorced/separated/married,No other debtors,1,Real estate,27,No other plans,Own,1,Skilled employee,1,No,Yes,Female,25 and over,0
460,No checking account,18,Existing credits paid duly,Radio / television,4594,< 100 DM,< 1 year,3,Male: single,No other debtors,2,Car or other,32,No other plans,Own,1,Skilled employee,1,Yes,Yes,Male,25 and over,0
461,< 0 DM,36,Existing credits paid duly,Furniture / equipment,3620,< 100 DM,1-4 years,1,Male: single,Guarantor,2,Building society savings / life insurance,37,No other plans,Own,1,Skilled employee,2,No,Yes,Male,25 and over,0
462,< 0 DM,15,Existing credits paid duly,Car (new),1721,< 100 DM,< 1 year,2,Male: single,No other debtors,3,Real estate,36,No other plans,Own,1,Skilled employee,1,No,Yes,Male,25 and over,0
463,0-200 DM,12,Existing credits paid duly,Furniture / equipment,3017,< 100 DM,< 1 year,3,Female: divorced/separated/married,No other debtors,1,Real estate,34,No other plans,Rent,1,Management / self-employed / highly qualified,1,No,Yes,Female,25 and over,0
464,0-200 DM,12,Existing credits paid duly,Retraining,754,Unknown / no savings,>= 7 years,4,Male: single,No other debtors,4,Building society savings / life insurance,38,No other plans,Own,2,Skilled employee,1,No,Yes,Male,25 and over,0
465,No checking account,18,Existing credits paid duly,Business,1950,< 100 DM,4-7 years,4,Male: single,No other debtors,1,Car or other,34,Stores,Own,2,Skilled employee,1,Yes,Yes,Male,25 and over,0
466,< 0 DM,24,Existing credits paid duly,Car (used),2924,< 100 DM,1-4 years,3,Male: single,Guarantor,4,Unknown / no property,63,Bank,Own,1,Skilled employee,2,Yes,Yes,Male,25 and over,0
467,< 0 DM,24,Delay in paying in the past,Radio / television,1659,< 100 DM,< 1 year,4,Female: divorced/separated/married,No other debtors,2,Car or other,29,No other plans,Rent,1,Unskilled resident,1,Yes,Yes,Female,25 and over,1
468,No checking account,48,Delay in paying in the past,Radio / television,7238,Unknown / no savings,>= 7 years,3,Male: single,No other debtors,3,Car or other,32,Bank,Own,2,Skilled employee,2,No,Yes,Male,25 and over,0
469,No checking account,33,Delay in paying in the past,Business,2764,< 100 DM,1-4 years,2,Female: divorced/separated/married,No other debtors,2,Car or other,26,No other plans,Own,2,Skilled employee,1,Yes,Yes,Female,25 and over,0
470,No checking account,24,Delay in paying in the past,Car (used),4679,< 100 DM,4-7 years,3,Male: single,No other debtors,3,Car or other,35,No other plans,Own,2,Unskilled resident,1,Yes,Yes,Male,25 and over,0
471,0-200 DM,24,Existing credits paid duly,Radio / television,3092,100-500 DM,< 1 year,3,Male: married/widowed,No other debtors,2,Car or other,22,No other plans,Rent,1,Skilled employee,1,Yes,Yes,Male,Under 25,1
472,< 0 DM,6,Existing credits paid duly,Education,448,< 100 DM,< 1 year,4,Female: divorced/separated/married,No other debtors,4,Building society savings / life insurance,23,No other plans,Own,1,Skilled employee,1,No,Yes,Female,Under 25,1
473,< 0 DM,9,Existing credits paid duly,Car (new),654,< 100 DM,1-4 years,4,Male: single,No other debtors,3,Car or other,28,No other plans,Own,1,Unskilled resident,1,No,Yes,Male,25 and over,1
474,No checking account,6,Existing credits paid duly,Retraining,1238,Unknown / no savings,Unemployed,4,Male: single,No other debtors,4,Building society savings / life insurance,36,No other plans,Own,1,Management / self-employed / highly qualified,2,Yes,Yes,Male,25 and over,0
475,0-200 DM,18,Critical account / other credits,Radio / television,1245,< 100 DM,1-4 years,4,Male: married/widowed,No other debtors,2,Car or other,33,No other plans,Own,1,Skilled employee,1,No,Yes,Male,25 and over,1
476,< 0 DM,18,No credits / all paid duly,Furniture / equipment,3114,< 100 DM,< 1 year,1,Female: divorced/separated/married,No other debtors,4,Building society savings / life insurance,26,No other plans,Rent,1,Skilled employee,1,No,Yes,Female,25 and over,1
477,No checking account,39,Existing credits paid duly,Car (used),2569,500-1000 DM,1-4 years,4,Male: single,No other debtors,4,Car or other,24,No other plans,Own,1,Skilled employee,1,No,Yes,Male,Under 25,0
478,>= 200 DM,24,Existing credits paid duly,Radio / television,5152,< 100 DM,4-7 years,4,Male: single,No other debtors,2,Car or other,25,Bank,Own,1,Skilled employee,1,No,Yes,Male,25 and over,0
479,0-200 DM,12,Existing credits paid duly,Business,1037,100-500 DM,4-7 years,3,Male: single,No other debtors,4,Real estate,39,No other plans,Own,1,Unskilled resident,1,No,Yes,Male,25 and over,0
480,< 0 DM,15,Critical account / other credits,Furniture / equipment,1478,< 100 DM,>= 7 years,4,Male: single,No other debtors,4,Car or other,44,No other plans,Own,2,Skilled employee,2,Yes,Yes,Male,25 and over,0
481,0-200 DM,12,Critical account / other credits,Radio / television,3573,< 100 DM,1-4 years,1,Female: divorced/separated/married,No other debtors,1,Real estate,23,No other plans,Own,1,Unskilled resident,1,No,Yes,Female,Under 25,0
482,0-200 DM,24,Existing credits paid duly,Car (new),1201,< 100 DM,< 1 year,4,Male: single,No other debtors,1,Building society savings / life insurance,26,No other plans,Own,1,Skilled employee,1,No,Yes,Male,25 and over,0
483,< 0 DM,30,Existing credits paid duly,Furniture / equipment,3622,>= 1000 DM,>= 7 years,4,Female: divorced/separated/married,No other debtors,4,Building society savings / life insurance,57,No other plans,Rent,2,Skilled employee,1,Yes,Yes,Female,25 and over,0
484,No checking account,15,Delay in paying in the past,Furniture / equipment,960,>= 1000 DM,4-7 years,3,Female: divorced/separated/married,No other debtors,2,Building society savings / life insurance,30,No other plans,Own,2,Skilled employee,1,No,Yes,Female,25 and over,0
485,No checking account,12,Critical account / other credits,Car (new),1163,500-1000 DM,1-4 years,4,Male: single,No other debtors,4,Real estate,44,No other plans,Own,1,Skilled employee,1,Yes,Yes,Male,25 and over,0
486,0-200 DM,6,Delay in paying in the past,Car (new),1209,< 100 DM,Unemployed,4,Male: single,No other debtors,4,Building society savings / life insurance,47,No other plans,Own,1,Management / self-employed / highly qualified,1,Yes,Yes,Male,25 and over,1
487,No checking account,12,Existing credits paid duly,Radio / television,3077,< 100 DM,1-4 years,2,Male: single,No other debtors,4,Car or other,52,No other plans,Own,1,Skilled employee,1,Yes,Yes,Male,25 and over,0
488,No checking account,24,Existing credits paid duly,Car (new),3757,< 100 DM,>= 7 years,4,Female: divorced/separated/married,Co-applicant,4,Unknown / no property,62,No other plans,For free,1,Skilled employee,1,Yes,Yes,Female,25 and over,0
489,No checking account,10,Existing credits paid duly,Car (new),1418,100-500 DM,1-4 years,3,Male: single,No other debtors,2,Real estate,35,No other plans,Rent,1,Unskilled resident,1,No,No,Male,25 and over,0
490,No checking account,6,Existing credits paid duly,Car (new),3518,< 100 DM,1-4 years,2,Male: single,Guarantor,3,Building society savings / life insurance,26,No other plans,Rent,1,Skilled employee,1,No,Yes,Male,25 and over,0
491,No checking account,12,Critical account / other credits,Radio / television,1934,< 100 DM,>= 7 years,2,Male: single,No other debtors,2,Unknown / no property,26,No other plans,Own,2,Skilled employee,1,No,Yes,Male,25 and over,0
492,0-200 DM,27,No credits / all paid duly,Business,8318,< 100 DM,>= 7 years,2,Female: divorced/separated/married,No other debtors,4,Unknown / no property,42,No other plans,For free,2,Management / self-employed / highly qualified,1,Yes,Yes,Female,25 and over,1
493,No checking account,6,Critical account / other credits,Radio / television,1237,100-500 DM,1-4 years,1,Female: divorced/separated/married,No other debtors,1,Building society savings / life insurance,27,No other plans,Own,2,Skilled employee,1,No,Yes,Female,25 and over,0
494,0-200 DM,6,Existing credits paid duly,Radio / television,368,Unknown / no savings,>= 7 years,4,Male: single,No other debtors,4,Building society savings / life insurance,38,No other plans,Own,1,Skilled employee,1,No,Yes,Male,25 and over,0
495,< 0 DM,12,Critical account / other credits,Car (new),2122,< 100 DM,1-4 years,3,Male: single,No other debtors,2,Real estate,39,No other plans,Rent,2,Unskilled resident,2,No,No,Male,25 and over,0
496,< 0 DM,24,Existing credits paid duly,Furniture / equipment,2996,Unknown / no savings,1-4 years,2,Male: married/widowed,No other debtors,4,Car or other,20,No other plans,Own,1,Skilled employee,1,No,Yes,Male,Under 25,1
497,0-200 DM,36,Existing credits paid duly,Furniture / equipment,9034,100-500 DM,< 1 year,4,Male: single,Co-applicant,1,Unknown / no property,29,No other plans,Rent,1,Management / self-employed / highly qualified,1,Yes,Yes,Male,25 and over,1
498,No checking account,24,Critical account / other credits,Furniture / equipment,1585,< 100 DM,4-7 years,4,Male: single,No other debtors,3,Building society savings / life insurance,40,No other plans,Own,2,Skilled employee,1,No,Yes,Male,25 and over,0
499,0-200 DM,18,Existing credits paid duly,Radio / television,1301,< 100 DM,>= 7 years,4,Male: married/widowed,Guarantor,2,Real estate,32,No other plans,Own,1,Unskilled resident,1,No,Yes,Male,25 and over,0
500,>= 200 DM,6,Critical account / other credits,Car (new),1323,100-500 DM,>= 7 years,2,Male: divorced/separated,No other debtors,4,Car or other,28,No other plans,Own,2,Skilled employee,2,Yes,Yes,Male,25 and over,0
501,< 0 DM,24,Existing credits paid duly,Car (new),3123,< 100 DM,< 1 year,4,Female: divorced/separated/married,No other debtors,1,Building society savings / life insurance,27,No other plans,Own,1,Skilled employee,1,No,Yes,Female,25 and over,1
502,< 0 DM,36,Existing credits paid duly,Car (used),5493,< 100 DM,>= 7 years,2,Male: single,No other debtors,4,Unknown / no property,42,No other plans,For free,1,Skilled employee,2,No,Yes,Male,25 and over,0
503,>= 200 DM,9,Existing credits paid duly,Radio / television,1126,100-500 DM,>= 7 years,2,Male: divorced/separated,No other debtors,4,Real estate,49,No other plans,Own,1,Skilled employee,1,No,Yes,Male,25 and over,0
504,0-200 DM,24,Critical account / other credits,Radio / television,1216,100-500 DM,< 1 year,4,Male: single,No other debtors,4,Unknown / no property,38,Bank,Own,2,Skilled employee,2,No,Yes,Male,25 and over,1
505,< 0 DM,24,Existing credits paid duly,Car (new),1207,< 100 DM,< 1 year,4,Female: divorced/separated/married,No other debtors,4,Building society savings / life insurance,24,No other plans,Rent,1,Skilled employee,1,No,Yes,Female,Under 25,1
506,No checking account,10,Existing credits paid duly,Car (new),1309,Unknown / no savings,1-4 years,4,Male: single,Guarantor,4,Building society savings / life insurance,27,No other plans,Own,1,Unskilled resident,1,No,Yes,Male,25 and over,1
507,>= 200 DM,15,Critical account / other credits,Car (used),2360,500-1000 DM,1-4 years,2,Male: single,No other debtors,2,Car or other,36,No other plans,Own,1,Skilled employee,1,Yes,Yes,Male,25 and over,0
508,0-200 DM,15,All credits at this bank paid duly,Car (new),6850,100-500 DM,Unemployed,1,Male: single,No other debtors,2,Building society savings / life insurance,34,No other plans,Own,1,Management / self-employed / highly qualified,2,Yes,Yes,Male,25 and over,1
509,No checking account,24,Existing credits paid duly,Radio / television,1413,< 100 DM,1-4 years,4,Male: married/widowed,No other debtors,2,Building society savings / life insurance,28,No other plans,Own,1,Skilled employee,1,No,Yes,Male,25 and over,0
510,No checking account,39,Existing credits paid duly,Car (used),8588,100-500 DM,>= 7 years,4,Male: single,No other debtors,2,Car or other,45,No other plans,Own,1,Management / self-employed / highly qualified,1,Yes,Yes,Male,25 and over,0
511,< 0 DM,12,Existing credits paid duly,Car (new),759,< 100 DM,4-7 years,4,Male: single,No other debtors,2,Real estate,26,No other plans,Own,1,Skilled employee,1,No,Yes,Male,25 and over,1
512,No checking account,36,Existing credits paid duly,Car (used),4686,< 100 DM,1-4 years,2,Male: single,No other debtors,2,Unknown / no property,32,No other plans,For free,1,Management / self-employed / highly qualified,1,Yes,Yes,Male,25 and over,0
513,>= 200 DM,15,Existing credits paid duly,Business,2687,< 100 DM,4-7 years,2,Male: single,No other debtors,4,Building society savings / life insurance,26,No other plans,Rent,1,Skilled employee,1,Yes,Yes,Male,25 and over,0
514,0-200 DM,12,Delay in paying in the past,Radio / television,585,< 100 DM,1-4 years,4,Male: married/widowed,Co-applicant,4,Real estate,20,No other plans,Rent,2,Skilled employee,1,No,Yes,Male,Under 25,0
515,No checking account,24,Existing credits paid duly,Car (new),2255,Unknown / no savings,< 1 year,4,Male: single,No other debtors,1,Building society savings / life insurance,54,No other plans,Own,1,Skilled employee,1,No,Yes,Male,25 and over,0
516,< 0 DM,6,Critical account / other credits,Car (new),609,< 100 DM,4-7 years,4,Female: divorced/separated/married,No other debtors,3,Building society savings / life insurance,37,No other plans,Own,2,Skilled employee,1,No,No,Female,25 and over,0
517,< 0 DM,6,Critical account / other credits,Car (new),1361,< 100 DM,< 1 year,2,Male: single,No other debtors,4,Real estate,40,No other plans,Own,1,Unskilled resident,2,No,No,Male,25 and over,0
518,No checking account,36,Critical account / other credits,Furniture / equipment,7127,< 100 DM,< 1 year,2,Female: divorced/separated/married,No other debtors,4,Building society savings / life insurance,23,No other plans,Rent,2,Skilled employee,1,Yes,Yes,Female,Under 25,1
519,< 0 DM,6,Existing credits paid duly,Car (new),1203,100-500 DM,>= 7 years,3,Male: single,No other debtors,2,Building society savings / life insurance,43,No other plans,Own,1,Skilled employee,1,Yes,Yes,Male,25 and over,0
520,No checking account,6,Critical account / other credits,Radio / television,700,Unknown / no savings,>= 7 years,4,Male: single,No other debtors,4,Unknown / no property,36,No other plans,For free,2,Skilled employee,1,No,Yes,Male,25 and over,0
521,No checking account,24,Critical account / other credits,Repairs,5507,< 100 DM,>= 7 years,3,Male: single,No other debtors,4,Unknown / no property,44,No other plans,For free,2,Skilled employee,1,No,Yes,Male,25 and over,0
522,< 0 DM,18,Existing credits paid duly,Radio / television,3190,< 100 DM,1-4 years,2,Female: divorced/separated/married,No other debtors,2,Real estate,24,No other plans,Own,1,Skilled employee,1,No,Yes,Female,Under 25,1
523,< 0 DM,48,No credits / all paid duly,Furniture / equipment,7119,< 100 DM,1-4 years,3,Male: single,No other debtors,4,Unknown / no property,53,No other plans,For free,2,Skilled employee,2,No,Yes,Male,25 and over,1
524,No checking account,24,Existing credits paid duly,Car (used),3488,100-500 DM,4-7 years,3,Female: divorced/separated/married,No other debtors,4,Car or other,23,No other plans,Own,1,Skilled employee,1,No,Yes,Female,Under 25,0
525,0-200 DM,18,Existing credits paid duly,Radio / television,1113,< 100 DM,1-4 years,4,Female: divorced/separated/married,Guarantor,4,Real estate,26,No other plans,Own,1,Unskilled resident,2,No,Yes,Female,25 and over,0
526,0-200 DM,26,Existing credits paid duly,Car (used),7966,< 100 DM,< 1 year,2,Male: single,No other debtors,3,Car or other,30,No other plans,Own,2,Skilled employee,1,No,Yes,Male,25 and over,0
527,No checking account,15,Critical account / other credits,Education,1532,100-500 DM,1-4 years,4,Female: divorced/separated/married,No other debtors,3,Car or other,31,No other plans,Own,1,Skilled employee,1,No,Yes,Female,25 and over,0
528,No checking account,4,Critical account / other credits,Radio / television,1503,< 100 DM,4-7 years,2,Male: single,No other debtors,1,Real estate,42,No other plans,Own,2,Unskilled resident,2,No,Yes,Male,25 and over,0
529,< 0 DM,36,Existing credits paid duly,Radio / television,2302,< 100 DM,1-4 years,4,Male: divorced/separated,No other debtors,4,Car or other,31,No other plans,Rent,1,Skilled employee,1,No,Yes,Male,25 and over,1
530,< 0 DM,6,Existing credits paid duly,Car (new),662,< 100 DM,< 1 year,3,Male: single,No other debtors,4,Real estate,41,No other plans,Own,1,Unskilled resident,2,Yes,Yes,Male,25 and over,0
531,0-200 DM,36,Existing credits paid duly,Education,2273,< 100 DM,4-7 years,3,Male: single,No other debtors,1,Car or other,32,No other plans,Own,2,Skilled employee,2,No,Yes,Male,25 and over,0
532,0-200 DM,15,Existing credits paid duly,Car (new),2631,100-500 DM,1-4 years,2,Female: divorced/separated/married,No other debtors,4,Car or other,28,No other plans,Rent,2,Skilled employee,1,Yes,Yes,Female,25 and over,1
533,No checking account,12,Delay in paying in the past,Car (used),1503,< 100 DM,1-4 years,4,Male: married/widowed,No other debtors,4,Real estate,41,No other plans,Rent,1,Skilled employee,1,No,Yes,Male,25 and over,0
534,No checking account,24,Existing credits paid duly,Radio / television,1311,100-500 DM,4-7 years,4,Male: married/widowed,No other debtors,3,Building society savings / life insurance,26,No other plans,Own,1,Skilled employee,1,Yes,Yes,Male,25 and over,0
535,No checking account,24,Existing credits paid duly,Radio / television,3105,Unknown / no savings,< 1 year,4,Male: single,No other debtors,2,Car or other,25,No other plans,Own,2,Skilled employee,1,No,Yes,Male,25 and over,0
536,>= 200 DM,21,Critical account / other credits,Education,2319,< 100 DM,< 1 year,2,Male: divorced/separated,No other debtors,1,Car or other,33,No other plans,Rent,1,Skilled employee,1,No,Yes,Male,25 and over,1
537,< 0 DM,6,Existing credits paid duly,Car (new),1374,Unknown / no savings,Unemployed,4,Female: divorced/separated/married,No other debtors,3,Building society savings / life insurance,75,No other plans,Own,1,Management / self-employed / highly qualified,1,Yes,Yes,Female,25 and over,0
538,0-200 DM,18,Critical account / other credits,Furniture / equipment,3612,< 100 DM,>= 7 years,3,Female: divorced/separated/married,No other debtors,4,Building society savings / life insurance,37,No other plans,Own,1,Skilled employee,1,Yes,Yes,Female,25 and over,0
539,< 0 DM,48,Existing credits paid duly,Car (new),7763,< 100 DM,>= 7 years,4,Male: single,No other debtors,4,Unknown / no property,42,Bank,For free,1,Management / self-employed / highly qualified,1,No,Yes,Male,25 and over,1
540,>= 200 DM,18,Existing credits paid duly,Furniture / equipment,3049,< 100 DM,< 1 year,1,Female: divorced/separated/married,No other debtors,1,Building society savings / life insurance,45,Stores,Own,1,Unskilled resident,1,No,Yes,Female,25 and over,0
541,0-200 DM,12,Existing credits paid duly,Radio / television,1534,< 100 DM,< 1 year,1,Male: married/widowed,No other debtors,1,Real estate,23,No other plans,Rent,1,Skilled employee,1,No,Yes,Male,Under 25,1
542,No checking account,24,Delay in paying in the past,Car (new),2032,< 100 DM,>= 7 years,4,Male: single,No other debtors,4,Unknown / no property,60,No other plans,For free,2,Skilled employee,1,Yes,Yes,Male,25 and over,0
543,< 0 DM,30,Existing credits paid duly,Furniture / equipment,6350,Unknown / no savings,>= 7 years,4,Male: single,No other debtors,4,Building society savings / life insurance,31,No other plans,Own,1,Skilled employee,1,No,Yes,Male,25 and over,1
544,>= 200 DM,18,Existing credits paid duly,Furniture / equipment,2864,< 100 DM,1-4 years,2,Male: single,No other debtors,1,Real estate,34,No other plans,Own,1,Unskilled resident,2,No,Yes,Male,25 and over,1
545,No checking account,12,Critical account / other credits,Car (new),1255,< 100 DM,>= 7 years,4,Male: single,No other debtors,4,Real estate,61,No other plans,Own,2,Unskilled resident,1,No,Yes,Male,25 and over,0
546,< 0 DM,24,Delay in paying in the past,Car (new),1333,< 100 DM,Unemployed,4,Male: single,No other debtors,2,Real estate,43,No other plans,For free,2,Skilled employee,2,No,Yes,Male,25 and over,1
547,No checking account,24,Critical account / other credits,Car (new),2022,< 100 DM,1-4 years,4,Female: divorced/separated/married,No other debtors,4,Car or other,37,No other plans,Own,1,Skilled employee,1,Yes,Yes,Female,25 and over,0
548,No checking account,24,Existing credits paid duly,Radio / television,1552,< 100 DM,4-7 years,3,Male: single,No other debtors,1,Car or other,32,Bank,Own,1,Skilled employee,2,No,Yes,Male,25 and over,0
549,< 0 DM,12,All credits at this bank paid duly,Radio / television,626,< 100 DM,1-4 years,4,Female: divorced/separated/married,No other debtors,4,Real estate,24,Bank,Own,1,Unskilled resident,1,No,Yes,Female,Under 25,1
550,No checking account,48,Critical account / other credits,Car (used),8858,Unknown / no savings,4-7 years,2,Male: single,No other debtors,1,Unknown / no property,35,No other plans,For free,2,Skilled employee,1,Yes,Yes,Male,25 and over,0
551,No checking account,12,Critical account / other credits,Repairs,996,Unknown / no savings,4-7 years,4,Female: divorced/separated/married,No other debtors,4,Real estate,23,No other plans,Own,2,Skilled employee,1,No,Yes,Female,Under 25,0
552,No checking account,6,All credits at this bank paid duly,Radio / television,1750,500-1000 DM,>= 7 years,2,Male: single,No other debtors,4,Building society savings / life insurance,45,Bank,Own,1,Unskilled resident,2,No,Yes,Male,25 and over,0
553,< 0 DM,48,Existing credits paid duly,Radio / television,6999,< 100 DM,4-7 years,1,Male: married/widowed,Guarantor,1,Real estate,34,No other plans,Own,2,Skilled employee,1,Yes,Yes,Male,25 and over,1
554,0-200 DM,12,Critical account / other credits,Car (new),1995,100-500 DM,< 1 year,4,Male: single,No other debtors,1,Car or other,27,No other plans,Own,1,Skilled employee,1,No,Yes,Male,25 and over,0
555,0-200 DM,9,Existing credits paid duly,Education,1199,< 100 DM,4-7 years,4,Female: divorced/separated/married,No other debtors,4,Building society savings / life insurance,67,No other plans,Own,2,Management / self-employed / highly qualified,1,Yes,Yes,Female,25 and over,0
556,0-200 DM,12,Existing credits paid duly,Radio / television,1331,< 100 DM,< 1 year,2,Male: single,No other debtors,1,Car or other,22,Stores,Own,1,Skilled employee,1,No,Yes,Male,Under 25,1
557,0-200 DM,18,No credits / all paid duly,Car (new),2278,100-500 DM,< 1 year,3,Female: divorced/separated/married,No other debtors,3,Car or other,28,No other plans,Own,2,Skilled employee,1,No,Yes,Female,25 and over,1
558,No checking account,21,No credits / all paid duly,Car (new),5003,Unknown / no savings,1-4 years,1,Female: divorced/separated/married,No other debtors,4,Building society savings / life insurance,29,Bank,Own,2,Skilled employee,1,Yes,Yes,Female,25 and over,1
559,< 0 DM,24,All credits at this bank paid duly,Furniture / equipment,3552,< 100 DM,4-7 years,3,Male: single,No other debtors,4,Car or other,27,Bank,Own,1,Skilled employee,1,No,Yes,Male,25 and over,1
560,0-200 DM,18,Critical account / other credits,Furniture / equipment,1928,< 100 DM,< 1 year,2,Male: single,No other debtors,2,Real estate,31,No other plans,Own,2,Unskilled resident,1,No,Yes,Male,25 and over,1
561,< 0 DM,24,Existing credits paid duly,Car (used),2964,Unknown / no savings,>= 7 years,4,Male: single,No other debtors,4,Unknown / no property,49,Bank,For free,1,Skilled employee,2,Yes,Yes,Male,25 and over,0
562,< 0 DM,24,All credits at this bank paid duly,Radio / television,1546,< 100 DM,4-7 years,4,Male: single,Guarantor,4,Car or other,24,Bank,Rent,1,Unskilled resident,1,No,Yes,Male,Under 25,1
563,>= 200 DM,6,Delay in paying in the past,Radio / television,683,< 100 DM,< 1 year,2,Female: divorced/separated/married,No other debtors,1,Building society savings / life insurance,29,Bank,Own,1,Skilled employee,1,No,Yes,Female,25 and over,0
564,0-200 DM,36,Existing credits paid duly,Car (new),12389,Unknown / no savings,1-4 years,1,Male: single,No other debtors,4,Unknown / no property,37,No other plans,For free,1,Skilled employee,1,Yes,Yes,Male,25 and over,1
565,0-200 DM,24,Delay in paying in the past,Business,4712,Unknown / no savings,1-4 years,4,Male: single,No other debtors,2,Building society savings / life insurance,37,Bank,Own,2,Management / self-employed / highly qualified,1,Yes,Yes,Male,25 and over,0
566,0-200 DM,24,Delay in paying in the past,Radio / television,1553,100-500 DM,4-7 years,3,Female: divorced/separated/married,No other debtors,2,Building society savings / life insurance,23,No other plans,Rent,2,Skilled employee,1,Yes,Yes,Female,Under 25,0
567,< 0 DM,12,Existing credits paid duly,Car (new),1372,< 100 DM,4-7 years,2,Male: divorced/separated,No other debtors,3,Car or other,36,No other plans,Own,1,Skilled employee,1,No,Yes,Male,25 and over,1
568,No checking account,24,Critical account / other credits,Radio / television,2578,>= 1000 DM,>= 7 years,2,Male: single,No other debtors,2,Car or other,34,No other plans,Own,1,Skilled employee,1,No,Yes,Male,25 and over,0
569,0-200 DM,48,Existing credits paid duly,Radio / television,3979,Unknown / no savings,4-7 years,4,Male: single,No other debtors,1,Car or other,41,No other plans,Own,2,Skilled employee,2,Yes,Yes,Male,25 and over,0
570,< 0 DM,48,Existing credits paid duly,Radio / television,6758,< 100 DM,1-4 years,3,Female: divorced/separated/married,No other debtors,2,Car or other,31,No other plans,Own,1,Skilled employee,1,Yes,Yes,Female,25 and over,1
571,< 0 DM,24,Existing credits paid duly,Furniture / equipment,3234,< 100 DM,< 1 year,4,Female: divorced/separated/married,No other debtors,4,Real estate,23,No other plans,Rent,1,Unskilled resident,1,Yes,Yes,Female,Under 25,1
572,No checking account,30,Critical account / other credits,Radio / television,5954,< 100 DM,4-7 years,3,Male: single,Co-applicant,2,Car or other,38,No other plans,Own,1,Skilled employee,1,No,Yes,Male,25 and over,0
573,No checking account,24,Existing credits paid duly,Car (used),5433,Unknown / no savings,Unemployed,2,Female: divorced/separated/married,No other debtors,4,Building society savings / life insurance,26,No other plans,Rent,1,Management / self-employed / highly qualified,1,Yes,Yes,Female,25 and over,0
574,< 0 DM,15,Existing credits paid duly,Business,806,< 100 DM,1-4 years,4,Female: divorced/separated/married,No other debtors,4,Building society savings / life insurance,22,No other plans,Own,1,Unskilled resident,1,No,Yes,Female,Under 25,0
575,0-200 DM,9,Existing credits paid duly,Radio / television,1082,< 100 DM,>= 7 years,4,Male: single,No other debtors,4,Car or other,27,No other plans,Own,2,Unskilled resident,1,No,Yes,Male,25 and over,0
576,No checking account,15,Critical account / other credits,Furniture / equipment,2788,< 100 DM,4-7 years,2,Female: divorced/separated/married,Co-applicant,3,Car or other,24,Bank,Own,2,Skilled employee,1,No,Yes,Female,Under 25,0
577,0-200 DM,12,Existing credits paid duly,Radio / television,2930,< 100 DM,4-7 years,2,Female: divorced/separated/married,No other debtors,1,Real estate,27,No other plans,Own,1,Skilled employee,1,No,Yes,Female,25 and over,0
578,No checking account,24,Critical account / other credits,Education,1927,Unknown / no savings,1-4 years,3,Female: divorced/separated/married,No other debtors,2,Car or other,33,No other plans,Own,2,Skilled employee,1,Yes,Yes,Female,25 and over,0
579,0-200 DM,36,Critical account / other credits,Car (new),2820,< 100 DM,< 1 year,4,Male: divorced/separated,No other debtors,4,Car or other,27,No other plans,Own,2,Skilled employee,1,No,Yes,Male,25 and over,1
580,No checking account,24,Existing credits paid duly,Retraining,937,< 100 DM,< 1 year,4,Male: married/widowed,No other debtors,3,Car or other,27,No other plans,Own,2,Unskilled resident,1,No,Yes,Male,25 and over,0
581,0-200 DM,18,Critical account / other credits,Car (new),1056,< 100 DM,>= 7 years,3,Male: single,Guarantor,3,Real estate,30,Bank,Own,2,Skilled employee,1,No,Yes,Male,25 and over,1
582,0-200 DM,12,Critical account / other credits,Car (new),3124,< 100 DM,< 1 year,1,Male: single,No other debtors,3,Real estate,49,Bank,Own,2,Unskilled resident,2,No,Yes,Male,25 and over,0
583,No checking account,9,Existing credits paid duly,Furniture / equipment,1388,< 100 DM,1-4 years,4,Female: divorced/separated/married,No other debtors,2,Real estate,26,No other plans,Rent,1,Skilled employee,1,No,Yes,Female,25 and over,0
584,0-200 DM,36,Existing credits paid duly,Repairs,2384,< 100 DM,< 1 year,4,Male: single,No other debtors,1,Unknown / no property,33,No other plans,Rent,1,Unskilled resident,1,No,Yes,Male,25 and over,1
585,No checking account,12,Existing credits paid duly,Car (new),2133,Unknown / no savings,>= 7 years,4,Female: divorced/separated/married,No other debtors,4,Unknown / no property,52,No other plans,For free,1,Management / self-employed / highly qualified,1,Yes,Yes,Female,25 and over,0
586,< 0 DM,18,Existing credits paid duly,Furniture / equipment,2039,< 100 DM,1-4 years,1,Female: divorced/separated/married,No other debtors,4,Real estate,20,Bank,Rent,1,Skilled employee,1,No,Yes,Female,Under 25,1
587,< 0 DM,9,Critical account / other credits,Car (new),2799,< 100 DM,1-4 years,2,Male: single,No other debtors,2,Real estate,36,No other plans,Rent,2,Skilled employee,2,No,Yes,Male,25 and over,0
588,< 0 DM,12,Existing credits paid duly,Furniture / equipment,1289,< 100 DM,1-4 years,4,Male: single,Guarantor,1,Building society savings / life insurance,21,No other plans,Own,1,Unskilled resident,1,No,Yes,Male,Under 25,0
589,< 0 DM,18,Existing credits paid duly,Domestic appliances,1217,< 100 DM,1-4 years,4,Male: married/widowed,No other debtors,3,Real estate,47,No other plans,Own,1,Unskilled resident,1,Yes,Yes,Male,25 and over,1
590,< 0 DM,12,Critical account / other credits,Furniture / equipment,2246,< 100 DM,>= 7 years,3,Male: single,No other debtors,3,Building society savings / life insurance,60,No other plans,Own,2,Skilled employee,1,No,Yes,Male,25 and over,1
591,< 0 DM,12,Critical account / other credits,Radio / television,385,< 100 DM,4-7 years,4,Female: divorced/separated/married,No other debtors,3,Real estate,58,No other plans,Own,4,Unskilled resident,1,Yes,Yes,Female,25 and over,0
592,0-200 DM,24,Delay in paying in the past,Car (new),1965,Unknown / no savings,1-4 years,4,Female: divorced/separated/married,No other debtors,4,Car or other,42,No other plans,Rent,2,Skilled employee,1,Yes,Yes,Female,25 and over,0
593,No checking account,21,Existing credits paid duly,Business,1572,>= 1000 DM,>= 7 years,4,Female: divorced/separated/married,No other debtors,4,Real estate,36,Bank,Own,1,Unskilled resident,1,No,Yes,Female,25 and over,0
594,0-200 DM,24,Existing credits paid duly,Car (new),2718,< 100 DM,1-4 years,3,Female: divorced/separated/married,No other debtors,4,Building society savings / life insurance,20,No other plans,Rent,1,Unskilled resident,1,Yes,Yes,Female,Under 25,1
595,< 0 DM,24,All credits at this bank paid duly,Others,1358,Unknown / no savings,>= 7 years,4,Male: single,No other debtors,3,Car or other,40,Stores,Own,1,Management / self-employed / highly qualified,1,Yes,Yes,Male,25 and over,1
596,0-200 DM,6,All credits at this bank paid duly,Car (new),931,100-500 DM,< 1 year,1,Female: divorced/separated/married,No other debtors,1,Building society savings / life insurance,32,Stores,Own,1,Unskilled resident,1,No,Yes,Female,25 and over,1
597,< 0 DM,24,Existing credits paid duly,Car (new),1442,< 100 DM,4-7 years,4,Female: divorced/separated/married,No other debtors,4,Car or other,23,No other plans,Rent,2,Skilled employee,1,No,Yes,Female,Under 25,1
598,0-200 DM,24,No credits / all paid duly,Business,4241,< 100 DM,1-4 years,1,Male: single,No other debtors,4,Real estate,36,No other plans,Own,3,Unskilled resident,1,Yes,Yes,Male,25 and over,1
599,No checking account,18,Critical account / other credits,Car (new),2775,< 100 DM,4-7 years,2,Male: single,No other debtors,2,Building society savings / life insurance,31,Bank,Own,2,Skilled employee,1,No,Yes,Male,25 and over,1
600,No checking account,24,Delay in paying in the past,Business,3863,< 100 DM,1-4 years,1,Male: single,No other debtors,2,Unknown / no property,32,No other plans,For free,1,Skilled employee,1,No,Yes,Male,25 and over,0
601,0-200 DM,7,Existing credits paid duly,Radio / television,2329,< 100 DM,< 1 year,1,Female: divorced/separated/married,Guarantor,1,Real estate,45,No other plans,Own,1,Skilled employee,1,No,Yes,Female,25 and over,0
602,0-200 DM,9,Existing credits paid duly,Furniture / equipment,918,< 100 DM,1-4 years,4,Female: divorced/separated/married,No other debtors,1,Building society savings / life insurance,30,No other plans,Own,1,Skilled employee,1,No,Yes,Female,25 and over,1
603,0-200 DM,24,All credits at this bank paid duly,Education,1837,< 100 DM,4-7 years,4,Female: divorced/separated/married,No other debtors,4,Unknown / no property,34,Bank,For free,1,Unskilled resident,1,No,Yes,Female,25 and over,1
604,No checking account,36,Existing credits paid duly,Furniture / equipment,3349,< 100 DM,1-4 years,4,Female: divorced/separated/married,No other debtors,2,Car or other,28,No other plans,Own,1,Management / self-employed / highly qualified,1,Yes,Yes,Female,25 and over,1
605,>= 200 DM,10,Existing credits paid duly,Furniture / equipment,1275,< 100 DM,< 1 year,4,Female: divorced/separated/married,No other debtors,2,Building society savings / life insurance,23,No other plans,Own,1,Skilled employee,1,No,Yes,Female,Under 25,0
606,< 0 DM,24,All credits at this bank paid duly,Furniture / equipment,2828,500-1000 DM,1-4 years,4,Male: single,No other debtors,4,Real estate,22,Stores,Own,1,Skilled employee,1,Yes,Yes,Male,Under 25,0
607,No checking account,24,Critical account / other credits,Business,4526,< 100 DM,1-4 years,3,Male: single,No other debtors,2,Real estate,74,No other plans,Own,1,Management / self-employed / highly qualified,1,Yes,Yes,Male,25 and over,0
608,0-200 DM,36,Existing credits paid duly,Radio / television,2671,100-500 DM,1-4 years,4,Female: divorced/separated/married,Co-applicant,4,Unknown / no property,50,No other plans,For free,1,Skilled employee,1,No,Yes,Female,25 and over,1
609,No checking account,18,Existing credits paid duly,Radio / television,2051,< 100 DM,< 1 year,4,Male: single,No other debtors,1,Real estate,33,No other plans,Own,1,Skilled employee,1,No,Yes,Male,25 and over,0
610,No checking account,15,Existing credits paid duly,Car (used),1300,Unknown / no savings,>= 7 years,4,Male: single,No other debtors,4,Unknown / no property,45,Bank,For free,1,Skilled employee,2,No,Yes,Male,25 and over,0
611,< 0 DM,12,Existing credits paid duly,Domestic appliances,741,100-500 DM,Unemployed,4,Female: divorced/separated/married,No other debtors,3,Building society savings / life insurance,22,No other plans,Own,1,Skilled employee,1,No,Yes,Female,Under 25,1
612,>= 200 DM,10,Existing credits paid duly,Car (new),1240,100-500 DM,>= 7 years,1,Female: divorced/separated/married,No other debtors,4,Unknown / no property,48,No other plans,For free,1,Unskilled resident,2,No,Yes,Female,25 and over,1
613,< 0 DM,21,Existing credits paid duly,Radio / television,3357,>= 1000 DM,< 1 year,4,Female: divorced/separated/married,No other debtors,2,Car or other,29,Bank,Own,1,Skilled employee,1,No,Yes,Female,25 and over,0
614,< 0 DM,24,All credits at this bank paid duly,Car (used),3632,< 100 DM,1-4 years,1,Female: divorced/separated/married,Guarantor,4,Car or other,22,Bank,Rent,1,Skilled employee,1,No,No,Female,Under 25,0
615,No checking account,18,Delay in paying in the past,Furniture / equipment,1808,< 100 DM,4-7 years,4,Female: divorced/separated/married,No other debtors,1,Real estate,22,No other plans,Own,1,Skilled employee,1,No,Yes,Female,Under 25,1
616,0-200 DM,48,No credits / all paid duly,Business,12204,Unknown / no savings,1-4 years,2,Male: single,No other debtors,2,Car or other,48,Bank,Own,1,Management / self-employed / highly qualified,1,Yes,Yes,Male,25 and over,0
617,0-200 DM,60,Delay in paying in the past,Radio / television,9157,Unknown / no savings,1-4 years,2,Male: single,No other debtors,2,Unknown / no property,27,No other plans,For free,1,Management / self-employed / highly qualified,1,No,Yes,Male,25 and over,0
618,< 0 DM,6,Critical account / other credits,Car (new),3676,< 100 DM,1-4 years,1,Male: single,No other debtors,3,Real estate,37,No other plans,Rent,3,Skilled employee,2,No,Yes,Male,25 and over,0
619,0-200 DM,30,Existing credits paid duly,Furniture / equipment,3441,100-500 DM,1-4 years,2,Female: divorced/separated/married,Co-applicant,4,Car or other,21,No other plans,Rent,1,Skilled employee,1,No,Yes,Female,Under 25,1
620,No checking account,12,Existing credits paid duly,Car (new),640,< 100 DM,1-4 years,4,Male: divorced/separated,No other debtors,2,Real estate,49,No other plans,Own,1,Unskilled resident,1,No,Yes,Male,25 and over,0
621,0-200 DM,21,Critical account / other credits,Business,3652,< 100 DM,4-7 years,2,Male: single,No other debtors,3,Building society savings / life insurance,27,No other plans,Own,2,Skilled employee,1,No,Yes,Male,25 and over,0
622,No checking account,18,Critical account / other credits,Car (new),1530,< 100 DM,1-4 years,3,Male: single,No other debtors,2,Building society savings / life insurance,32,Bank,Own,2,Skilled employee,1,No,Yes,Male,25 and over,1
623,No checking account,48,Existing credits paid duly,Business,3914,Unknown / no savings,1-4 years,4,Male: divorced/separated,No other debtors,2,Real estate,38,Bank,Own,1,Skilled employee,1,No,Yes,Male,25 and over,1
624,< 0 DM,12,Existing credits paid duly,Furniture / equipment,1858,< 100 DM,< 1 year,4,Female: divorced/separated/married,No other debtors,1,Car or other,22,No other plans,Rent,1,Skilled employee,1,No,Yes,Female,Under 25,0
625,< 0 DM,18,Existing credits paid duly,Radio / television,2600,< 100 DM,1-4 years,4,Male: single,No other debtors,4,Unknown / no property,65,No other plans,For free,2,Skilled employee,1,No,Yes,Male,25 and over,1
626,No checking account,15,Existing credits paid duly,Radio / television,1979,Unknown / no savings,>= 7 years,4,Male: single,No other debtors,2,Car or other,35,No other plans,Own,1,Skilled employee,1,No,Yes,Male,25 and over,0
627,>= 200 DM,6,Existing credits paid duly,Furniture / equipment,2116,< 100 DM,1-4 years,2,Male: single,No other debtors,2,Real estate,41,No other plans,Own,1,Skilled employee,1,Yes,Yes,Male,25 and over,0
628,0-200 DM,9,All credits at this bank paid duly,Car (new),1437,100-500 DM,4-7 years,2,Male: single,No other debtors,3,Unknown / no property,29,No other plans,Own,1,Skilled employee,1,No,Yes,Male,25 and over,1
629,No checking account,42,Critical account / other credits,Furniture / equipment,4042,500-1000 DM,1-4 years,4,Male: single,No other debtors,4,Real estate,36,No other plans,Own,2,Skilled employee,1,Yes,Yes,Male,25 and over,0
630,No checking account,9,Existing credits paid duly,Education,3832,Unknown / no savings,>= 7 years,1,Male: single,No other debtors,4,Real estate,64,No other plans,Own,1,Unskilled resident,1,No,Yes,Male,25 and over,0
631,< 0 DM,24,Existing credits paid duly,Radio / television,3660,< 100 DM,1-4 years,2,Female: divorced/separated/married,No other debtors,4,Car or other,28,No other plans,Own,1,Skilled employee,1,No,Yes,Female,25 and over,0
632,< 0 DM,18,All credits at this bank paid duly,Furniture / equipment,1553,< 100 DM,1-4 years,4,Male: single,No other debtors,3,Car or other,44,Bank,Own,1,Skilled employee,1,No,Yes,Male,25 and over,1
633,0-200 DM,15,Existing credits paid duly,Radio / television,1444,Unknown / no savings,< 1 year,4,Male: single,No other debtors,1,Building society savings / life insurance,23,No other plans,Own,1,Skilled employee,1,No,Yes,Male,Under 25,0
634,No checking account,9,Existing credits paid duly,Furniture / equipment,1980,< 100 DM,< 1 year,2,Female: divorced/separated/married,Co-applicant,2,Car or other,19,No other plans,Rent,2,Skilled employee,1,No,Yes,Female,Under 25,1
635,0-200 DM,24,Existing credits paid duly,Car (new),1355,< 100 DM,< 1 year,3,Female: divorced/separated/married,No other debtors,4,Car or other,25,No other plans,Own,1,Unskilled resident,1,Yes,Yes,Female,25 and over,1
636,No checking account,12,Existing credits paid duly,Education,1393,< 100 DM,>= 7 years,4,Male: single,No other debtors,4,Building society savings / life insurance,47,Bank,Own,3,Skilled employee,2,Yes,Yes,Male,25 and over,0
637,No checking account,24,Existing credits paid duly,Radio / television,1376,500-1000 DM,4-7 years,4,Female: divorced/separated/married,No other debtors,1,Car or other,28,No other plans,Own,1,Skilled employee,1,No,Yes,Female,25 and over,0
638,No checking account,60,Delay in paying in the past,Radio / television,15653,< 100 DM,4-7 years,2,Male: single,No other debtors,4,Car or other,21,No other plans,Own,2,Skilled employee,1,Yes,Yes,Male,Under 25,0
639,No checking account,12,Existing credits paid duly,Radio / television,1493,< 100 DM,< 1 year,4,Female: divorced/separated/married,No other debtors,3,Car or other,34,No other plans,Own,1,Skilled employee,2,No,Yes,Female,25 and over,0
640,< 0 DM,42,Delay in paying in the past,Radio / television,4370,< 100 DM,4-7 years,3,Male: single,No other debtors,2,Building society savings / life insurance,26,Bank,Own,2,Skilled employee,2,Yes,Yes,Male,25 and over,1
641,< 0 DM,18,Existing credits paid duly,Education,750,< 100 DM,Unemployed,4,Female: divorced/separated/married,No other debtors,1,Real estate,27,No other plans,Own,1,Unemployed / unskilled non-resident,1,No,Yes,Female,25 and over,1
642,0-200 DM,15,Existing credits paid duly,Repairs,1308,< 100 DM,>= 7 years,4,Male: single,No other debtors,4,Car or other,38,No other plans,Own,2,Unskilled resident,1,No,Yes,Male,25 and over,0
643,No checking account,15,Existing credits paid duly,Education,4623,100-500 DM,1-4 years,3,Male: single,No other debtors,2,Building society savings / life insurance,40,No other plans,Own,1,Management / self-employed / highly qualified,1,Yes,Yes,Male,25 and over,1
644,No checking account,24,Critical account / other credits,Radio / television,1851,< 100 DM,4-7 years,4,Male: married/widowed,Guarantor,2,Car or other,33,No other plans,Own,2,Skilled employee,1,Yes,Yes,Male,25 and over,0
645,< 0 DM,18,Critical account / other credits,Radio / television,1880,< 100 DM,4-7 years,4,Male: married/widowed,No other debtors,1,Building society savings / life insurance,32,No other plans,Own,2,Management / self-employed / highly qualified,1,Yes,Yes,Male,25 and over,0
646,No checking account,36,Delay in paying in the past,Business,7980,Unknown / no savings,< 1 year,4,Male: single,No other debtors,4,Car or other,27,No other plans,Rent,2,Skilled employee,1,Yes,Yes,Male,25 and over,1
647,< 0 DM,30,No credits / all paid duly,Furniture / equipment,4583,< 100 DM,1-4 years,2,Male: divorced/separated,Guarantor,2,Real estate,32,No other plans,Own,2,Skilled employee,1,No,Yes,Male,25 and over,0
648,No checking account,12,Existing credits paid duly,Car (new),1386,500-1000 DM,1-4 years,2,Female: divorced/separated/married,No other debtors,2,Building society savings / life insurance,26,No other plans,Own,1,Skilled employee,1,No,Yes,Female,25 and over,1
649,>= 200 DM,24,Existing credits paid duly,Car (new),947,< 100 DM,4-7 years,4,Male: single,No other debtors,3,Unknown / no property,38,Bank,For free,1,Skilled employee,2,No,Yes,Male,25 and over,1
650,< 0 DM,12,Existing credits paid duly,Education,684,< 100 DM,1-4 years,4,Male: single,No other debtors,4,Car or other,40,No other plans,Rent,1,Unskilled resident,2,No,Yes,Male,25 and over,1
651,< 0 DM,48,Existing credits paid duly,Education,7476,< 100 DM,4-7 years,4,Male: single,No other debtors,1,Unknown / no property,50,No other plans,For free,1,Management / self-employed / highly qualified,1,Yes,Yes,Male,25 and over,0
652,0-200 DM,12,Existing credits paid duly,Furniture / equipment,1922,< 100 DM,1-4 years,4,Male: single,No other debtors,2,Building society savings / life insurance,37,No other plans,Own,1,Unskilled resident,1,No,Yes,Male,25 and over,1
653,< 0 DM,24,Existing credits paid duly,Car (new),2303,< 100 DM,>= 7 years,4,Male: single,Co-applicant,1,Real estate,45,No other plans,Own,1,Skilled employee,1,No,Yes,Male,25 and over,1
654,0-200 DM,36,Delay in paying in the past,Car (new),8086,100-500 DM,>= 7 years,2,Male: single,No other debtors,4,Car or other,42,No other plans,Own,4,Management / self-employed / highly qualified,1,Yes,Yes,Male,25 and over,1
655,No checking account,24,Critical account / other credits,Car (used),2346,< 100 DM,4-7 years,4,Male: single,No other debtors,3,Car or other,35,No other plans,Own,2,Skilled employee,1,Yes,Yes,Male,25 and over,0
656,< 0 DM,14,Existing credits paid duly,Car (new),3973,< 100 DM,Unemployed,1,Male: single,No other debtors,4,Unknown / no property,22,No other plans,For free,1,Skilled employee,1,No,Yes,Male,Under 25,0
657,0-200 DM,12,Existing credits paid duly,Car (new),888,< 100 DM,>= 7 years,4,Male: single,No other debtors,4,Car or other,41,Bank,Own,1,Unskilled resident,2,No,Yes,Male,25 and over,1
658,No checking account,48,Existing credits paid duly,Radio / television,10222,Unknown / no savings,4-7 years,4,Male: single,No other debtors,3,Car or other,37,Stores,Own,1,Skilled employee,1,Yes,Yes,Male,25 and over,0
659,0-200 DM,30,No credits / all paid duly,Business,4221,< 100 DM,1-4 years,2,Female: divorced/separated/married,No other debtors,1,Car or other,28,No other plans,Own,2,Skilled employee,1,No,Yes,Female,25 and over,0
660,0-200 DM,18,Critical account / other credits,Furniture / equipment,6361,< 100 DM,>= 7 years,2,Male: single,No other debtors,1,Unknown / no property,41,No other plans,Own,1,Skilled employee,1,Yes,Yes,Male,25 and over,0
661,>= 200 DM,12,Existing credits paid duly,Radio / television,1297,< 100 DM,1-4 years,3,Male: married/widowed,No other debtors,4,Real estate,23,No other plans,Rent,1,Skilled employee,1,No,Yes,Male,Under 25,0
662,< 0 DM,12,Existing credits paid duly,Car (new),900,Unknown / no savings,1-4 years,4,Male: married/widowed,No other debtors,2,Car or other,23,No other plans,Own,1,Skilled employee,1,No,Yes,Male,Under 25,1
663,No checking account,21,Existing credits paid duly,Furniture / equipment,2241,< 100 DM,>= 7 years,4,Male: single,No other debtors,2,Real estate,50,No other plans,Own,2,Skilled employee,1,No,Yes,Male,25 and over,0
664,0-200 DM,6,Delay in paying in the past,Furniture / equipment,1050,< 100 DM,Unemployed,4,Male: single,No other debtors,1,Building society savings / life insurance,35,Stores,Own,2,Management / self-employed / highly qualified,1,Yes,Yes,Male,25 and over,0
665,>= 200 DM,6,Critical account / other credits,Education,1047,< 100 DM,1-4 years,2,Female: divorced/separated/married,No other debtors,4,Building society savings / life insurance,50,No other plans,Own,1,Unskilled resident,1,No,Yes,Female,25 and over,0
666,No checking account,24,Critical account / other credits,Others,6314,< 100 DM,Unemployed,4,Male: single,Co-applicant,2,Unknown / no property,27,Bank,Own,2,Management / self-employed / highly qualified,1,Yes,Yes,Male,25 and over,0
667,0-200 DM,30,All credits at this bank paid duly,Furniture / equipment,3496,>= 1000 DM,1-4 years,4,Male: single,No other debtors,2,Car or other,34,Stores,Own,1,Skilled employee,2,Yes,Yes,Male,25 and over,0
668,No checking account,48,All credits at this bank paid duly,Business,3609,< 100 DM,1-4 years,1,Female: divorced/separated/married,No other debtors,1,Real estate,27,Stores,Own,1,Skilled employee,1,No,Yes,Female,25 and over,0
669,< 0 DM,12,Critical account / other credits,Car (new),4843,< 100 DM,>= 7 years,3,Male: single,Co-applicant,4,Building society savings / life insurance,43,No other plans,Rent,2,Skilled employee,1,Yes,Yes,Male,25 and over,1
670,>= 200 DM,30,Critical account / other credits,Radio / television,3017,< 100 DM,>= 7 years,4,Male: single,No other debtors,4,Building society savings / life insurance,47,No other plans,Own,1,Skilled employee,1,No,Yes,Male,25 and over,0
671,No checking account,24,Critical account / other credits,Business,4139,100-500 DM,1-4 years,3,Male: single,No other debtors,3,Building society savings / life insurance,27,No other plans,Own,2,Unskilled resident,1,Yes,Yes,Male,25 and over,0
672,No checking account,36,Existing credits paid duly,Business,5742,100-500 DM,4-7 years,2,Male: single,No other debtors,2,Car or other,31,No other plans,Own,2,Skilled employee,1,Yes,Yes,Male,25 and over,0
673,No checking account,60,Existing credits paid duly,Car (new),10366,< 100 DM,>= 7 years,2,Male: single,No other debtors,4,Building society savings / life insurance,42,No other plans,Own,1,Management / self-employed / highly qualified,1,Yes,Yes,Male,25 and over,0
674,No checking account,6,Critical account / other credits,Car (new),2080,500-1000 DM,1-4 years,1,Male: married/widowed,No other debtors,2,Car or other,24,No other plans,Own,1,Skilled employee,1,No,Yes,Male,Under 25,0
675,No checking account,21,Delay in paying in the past,Business,2580,500-1000 DM,< 1 year,4,Male: single,No other debtors,2,Real estate,41,Bank,Own,1,Unskilled resident,2,No,Yes,Male,25 and over,1
676,No checking account,30,Critical account / other credits,Radio / television,4530,< 100 DM,4-7 years,4,Female: divorced/separated/married,No other debtors,4,Car or other,26,No other plans,Rent,1,Management / self-employed / highly qualified,1,Yes,Yes,Female,25 and over,0
677,No checking account,24,Critical account / other credits,Furniture / equipment,5150,< 100 DM,>= 7 years,4,Male: single,No other debtors,4,Car or other,33,No other plans,Own,1,Skilled employee,1,Yes,Yes,Male,25 and over,0
678,0-200 DM,72,Existing credits paid duly,Radio / television,5595,100-500 DM,1-4 years,2,Male: married/widowed,No other debtors,2,Car or other,24,No other plans,Own,1,Skilled employee,1,No,Yes,Male,Under 25,1
679,< 0 DM,24,Existing credits paid duly,Radio / television,2384,< 100 DM,>= 7 years,4,Male: single,No other debtors,4,Real estate,64,Bank,Rent,1,Unskilled resident,1,No,Yes,Male,25 and over,0
680,No checking account,18,Existing credits paid duly,Radio / television,1453,< 100 DM,< 1 year,3,Female: divorced/separated/married,No other debtors,1,Real estate,26,No other plans,Own,1,Skilled employee,1,No,Yes,Female,25 and over,0
681,No checking account,6,Existing credits paid duly,Education,1538,< 100 DM,< 1 year,1,Female: divorced/separated/married,No other debtors,2,Unknown / no property,56,No other plans,Own,1,Skilled employee,1,No,Yes,Female,25 and over,0
682,No checking account,12,Existing credits paid duly,Radio / television,2279,Unknown / no savings,1-4 years,4,Male: single,No other debtors,4,Unknown / no property,37,No other plans,For free,1,Skilled employee,1,Yes,Yes,Male,25 and over,0
683,No checking account,15,Delay in paying in the past,Radio / television,1478,< 100 DM,1-4 years,4,Male: married/widowed,No other debtors,3,Real estate,33,Bank,Own,2,Skilled employee,1,No,Yes,Male,25 and over,0
684,No checking account,24,Critical account / other credits,Radio / television,5103,< 100 DM,< 1 year,3,Male: married/widowed,No other debtors,3,Unknown / no property,47,No other plans,For free,3,Skilled employee,1,Yes,Yes,Male,25 and over,0
685,0-200 DM,36,Delay in paying in the past,Business,9857,100-500 DM,4-7 years,1,Male: single,No other debtors,3,Building society savings / life insurance,31,No other plans,Own,2,Unskilled resident,2,Yes,Yes,Male,25 and over,0
686,No checking account,60,Existing credits paid duly,Car (new),6527,Unknown / no savings,1-4 years,4,Male: single,No other debtors,4,Unknown / no property,34,No other plans,For free,1,Skilled employee,2,Yes,Yes,Male,25 and over,0
687,>= 200 DM,10,Critical account / other credits,Radio / television,1347,Unknown / no savings,4-7 years,4,Male: single,No other debtors,2,Building society savings / life insurance,27,No other plans,Own,2,Skilled employee,1,Yes,Yes,Male,25 and over,0
688,0-200 DM,36,Delay in paying in the past,Car (new),2862,100-500 DM,>= 7 years,4,Male: single,No other debtors,3,Unknown / no property,30,No other plans,For free,1,Skilled employee,1,No,Yes,Male,25 and over,0
689,No checking account,9,Existing credits paid duly,Radio / television,2753,100-500 DM,>= 7 years,3,Male: single,Co-applicant,4,Car or other,35,No other plans,Own,1,Skilled employee,1,Yes,Yes,Male,25 and over,0
690,< 0 DM,12,Existing credits paid duly,Car (new),3651,>= 1000 DM,1-4 years,1,Male: single,No other debtors,3,Building society savings / life insurance,31,No other plans,Own,1,Skilled employee,2,No,Yes,Male,25 and over,0
691,< 0 DM,15,Critical account / other credits,Furniture / equipment,975,< 100 DM,1-4 years,2,Male: divorced/separated,No other debtors,3,Building society savings / life insurance,25,No other plans,Own,2,Skilled employee,1,No,Yes,Male,25 and over,0
692,0-200 DM,15,Existing credits paid duly,Repairs,2631,100-500 DM,1-4 years,3,Female: divorced/separated/married,No other debtors,2,Real estate,25,No other plans,Own,1,Unskilled resident,1,No,Yes,Female,25 and over,0
693,0-200 DM,24,Existing credits paid duly,Radio / television,2896,100-500 DM,< 1 year,2,Male: single,No other debtors,1,Car or other,29,No other plans,Own,1,Skilled employee,1,No,Yes,Male,25 and over,0
694,< 0 DM,6,Critical account / other credits,Car (new),4716,Unknown / no savings,< 1 year,1,Male: single,No other debtors,3,Real estate,44,No other plans,Own,2,Unskilled resident,2,No,Yes,Male,25 and over,0
695,No checking account,24,Existing credits paid duly,Radio / television,2284,< 100 DM,4-7 years,4,Male: single,No other debtors,2,Car or other,28,No other plans,Own,1,Skilled employee,1,Yes,Yes,Male,25 and over,0
696,No checking account,6,Existing credits paid duly,Car (used),1236,500-1000 DM,1-4 years,2,Male: single,No other debtors,4,Building society savings / life insurance,50,No other plans,Rent,1,Skilled employee,1,No,Yes,Male,25 and over,0
697,0-200 DM,12,Existing credits paid duly,Radio / television,1103,< 100 DM,4-7 years,4,Male: single,Guarantor,3,Real estate,29,No other plans,Own,2,Skilled employee,1,No,No,Male,25 and over,0
698,No checking account,12,Critical account / other credits,Car (new),926,< 100 DM,Unemployed,1,Female: divorced/separated/married,No other debtors,2,Building society savings / life insurance,38,No other plans,Own,1,Unemployed / unskilled non-resident,1,No,Yes,Female,25 and over,0
699,No checking account,18,Critical account / other credits,Radio / television,1800,< 100 DM,1-4 years,4,Male: single,No other debtors,2,Car or other,24,No other plans,Own,2,Skilled employee,1,No,Yes,Male,Under 25,0
700,>= 200 DM,15,Existing credits paid duly,Education,1905,< 100 DM,>= 7 years,4,Male: single,No other debtors,4,Car or other,40,No other plans,Rent,1,Management / self-employed / highly qualified,1,Yes,Yes,Male,25 and over,0
701,No checking account,12,Existing credits paid duly,Furniture / equipment,1123,500-1000 DM,1-4 years,4,Female: divorced/separated/married,No other debtors,4,Car or other,29,No other plans,Rent,1,Unskilled resident,1,No,Yes,Female,25 and over,1
702,< 0 DM,48,Critical account / other credits,Car (used),6331,< 100 DM,>= 7 years,4,Male: single,No other debtors,4,Unknown / no property,46,No other plans,For free,2,Skilled employee,1,Yes,Yes,Male,25 and over,1
703,>= 200 DM,24,Existing credits paid duly,Radio / television,1377,100-500 DM,>= 7 years,4,Female: divorced/separated/married,No other debtors,2,Unknown / no property,47,No other plans,For free,1,Skilled employee,1,Yes,Yes,Female,25 and over,0
704,0-200 DM,30,Delay in paying in the past,Business,2503,100-500 DM,>= 7 years,4,Male: single,No other debtors,2,Building society savings / life insurance,41,Stores,Own,2,Skilled employee,1,No,Yes,Male,25 and over,0
705,0-200 DM,27,Existing credits paid duly,Business,2528,< 100 DM,< 1 year,4,Female: divorced/separated/married,No other debtors,1,Building society savings / life insurance,32,No other plans,Own,1,Skilled employee,2,Yes,Yes,Female,25 and over,0
706,No checking account,15,Existing credits paid duly,Car (new),5324,500-1000 DM,>= 7 years,1,Female: divorced/separated/married,No other debtors,4,Unknown / no property,35,No other plans,For free,1,Skilled employee,1,No,Yes,Female,25 and over,0
707,0-200 DM,48,Existing credits paid duly,Car (new),6560,100-500 DM,4-7 years,3,Male: single,No other debtors,2,Building society savings / life insurance,24,No other plans,Own,1,Skilled employee,1,No,Yes,Male,Under 25,1
708,0-200 DM,12,No credits / all paid duly,Furniture / equipment,2969,< 100 DM,< 1 year,4,Female: divorced/separated/married,No other debtors,3,Building society savings / life insurance,25,No other plans,Rent,2,Skilled employee,1,No,Yes,Female,25 and over,1
709,0-200 DM,9,Existing credits paid duly,Radio / television,1206,< 100 DM,>= 7 years,4,Female: divorced/separated/married,No other debtors,4,Real estate,25,No other plans,Own,1,Skilled employee,1,No,Yes,Female,25 and over,0
710,0-200 DM,9,Existing credits paid duly,Radio / television,2118,< 100 DM,1-4 years,2,Male: single,No other debtors,2,Real estate,37,No other plans,Own,1,Unskilled resident,2,No,Yes,Male,25 and over,0
711,No checking account,18,Critical account / other credits,Radio / television,629,500-1000 DM,>= 7 years,4,Male: single,No other debtors,3,Building society savings / life insurance,32,Bank,Own,2,Management / self-employed / highly qualified,1,Yes,Yes,Male,25 and over,0
712,< 0 DM,6,All credits at this bank paid duly,Education,1198,< 100 DM,>= 7 years,4,Female: divorced/separated/married,No other debtors,4,Unknown / no property,35,No other plans,For free,1,Skilled employee,1,No,Yes,Female,25 and over,1
713,No checking account,21,Existing credits paid duly,Car (used),2476,Unknown / no savings,>= 7 years,4,Male: single,No other debtors,4,Real estate,46,No other plans,Own,1,Management / self-employed / highly qualified,1,Yes,Yes,Male,25 and over,0
714,< 0 DM,9,Critical account / other credits,Radio / television,1138,< 100 DM,1-4 years,4,Male: single,No other debtors,4,Real estate,25,No other plans,Own,2,Unskilled resident,1,No,Yes,Male,25 and over,0
715,0-200 DM,60,Existing credits paid duly,Car (new),14027,< 100 DM,4-7 years,4,Male: single,No other debtors,2,Unknown / no property,27,No other plans,Own,1,Management / self-employed / highly qualified,1,Yes,Yes,Male,25 and over,1
716,No checking account,30,Critical account / other credits,Car (used),7596,Unknown / no savings,>= 7 years,1,Male: single,No other debtors,4,Car or other,63,No other plans,Own,2,Skilled employee,1,No,Yes,Male,25 and over,0
717,No checking account,30,Critical account / other credits,Radio / television,3077,Unknown / no savings,>= 7 years,3,Male: single,No other debtors,2,Car or other,40,No other plans,Own,2,Skilled employee,2,Yes,Yes,Male,25 and over,0
718,No checking account,18,Existing credits paid duly,Radio / television,1505,< 100 DM,1-4 years,4,Male: single,No other debtors,2,Unknown / no property,32,No other plans,For free,1,Management / self-employed / highly qualified,1,Yes,Yes,Male,25 and over,0
719,>= 200 DM,24,Critical account / other credits,Radio / television,3148,Unknown / no savings,1-4 years,3,Male: single,No other debtors,2,Car or other,31,No other plans,Own,2,Skilled employee,1,Yes,Yes,Male,25 and over,0
720,0-200 DM,20,No credits / all paid duly,Car (used),6148,100-500 DM,>= 7 years,3,Male: married/widowed,No other debtors,4,Car or other,31,Bank,Own,2,Skilled employee,1,Yes,Yes,Male,25 and over,0
721,>= 200 DM,9,No credits / all paid duly,Radio / television,1337,< 100 DM,< 1 year,4,Male: single,No other debtors,2,Car or other,34,No other plans,Own,2,Management / self-employed / highly qualified,1,Yes,Yes,Male,25 and over,1
722,0-200 DM,6,All credits at this bank paid duly,Education,433,>= 1000 DM,< 1 year,4,Female: divorced/separated/married,No other debtors,2,Building society savings / life insurance,24,Bank,Rent,1,Skilled employee,2,No,Yes,Female,Under 25,1
723,< 0 DM,12,Existing credits paid duly,Car (new),1228,< 100 DM,1-4 years,4,Female: divorced/separated/married,No other debtors,2,Real estate,24,No other plans,Own,1,Unskilled resident,1,No,Yes,Female,Under 25,1
724,0-200 DM,9,Existing credits paid duly,Radio / television,790,500-1000 DM,1-4 years,4,Female: divorced/separated/married,No other debtors,3,Real estate,66,No other plans,Own,1,Unskilled resident,1,No,Yes,Female,25 and over,0
725,No checking account,27,Existing credits paid duly,Car (new),2570,< 100 DM,1-4 years,3,Female: divorced/separated/married,No other debtors,3,Real estate,21,No other plans,Rent,1,Skilled employee,1,No,Yes,Female,Under 25,1
726,No checking account,6,Critical account / other credits,Car (new),250,>= 1000 DM,1-4 years,2,Female: divorced/separated/married,No other debtors,2,Real estate,41,Bank,Own,2,Unskilled resident,1,No,Yes,Female,25 and over,0
727,No checking account,15,Critical account / other credits,Radio / television,1316,500-1000 DM,1-4 years,2,Male: married/widowed,No other debtors,2,Building society savings / life insurance,47,No other plans,Own,2,Unskilled resident,1,No,Yes,Male,25 and over,0
728,< 0 DM,18,Existing credits paid duly,Radio / television,1882,< 100 DM,1-4 years,4,Female: divorced/separated/married,No other debtors,4,Car or other,25,Bank,Rent,2,Skilled employee,1,No,Yes,Female,25 and over,1
729,0-200 DM,48,All credits at this bank paid duly,Business,6416,< 100 DM,>= 7 years,4,Female: divorced/separated/married,No other debtors,3,Unknown / no property,59,No other plans,Rent,1,Skilled employee,1,No,Yes,Female,25 and over,1
730,>= 200 DM,24,Critical account / other credits,Business,1275,>= 1000 DM,1-4 years,2,Male: divorced/separated,No other debtors,4,Real estate,36,No other plans,Own,2,Skilled employee,1,Yes,Yes,Male,25 and over,0
731,0-200 DM,24,Delay in paying in the past,Radio / television,6403,< 100 DM,< 1 year,1,Male: single,No other debtors,2,Car or other,33,No other plans,Own,1,Skilled employee,1,No,Yes,Male,25 and over,0
732,< 0 DM,24,Existing credits paid duly,Radio / television,1987,< 100 DM,1-4 years,2,Male: single,No other debtors,4,Real estate,21,No other plans,Rent,1,Unskilled resident,2,No,Yes,Male,Under 25,1
733,0-200 DM,8,Existing credits paid duly,Radio / television,760,< 100 DM,4-7 years,4,Female: divorced/separated/married,Guarantor,2,Real estate,44,No other plans,Own,1,Unskilled resident,1,No,Yes,Female,25 and over,0
734,No checking account,24,Existing credits paid duly,Car (used),2603,>= 1000 DM,1-4 years,2,Female: divorced/separated/married,No other debtors,4,Car or other,28,No other plans,Rent,1,Skilled employee,1,Yes,Yes,Female,25 and over,0
735,No checking account,4,Critical account / other credits,Car (new),3380,< 100 DM,4-7 years,1,Female: divorced/separated/married,No other debtors,1,Real estate,37,No other plans,Own,1,Skilled employee,2,No,Yes,Female,25 and over,0
736,0-200 DM,36,All credits at this bank paid duly,Domestic appliances,3990,Unknown / no savings,< 1 year,3,Female: divorced/separated/married,No other debtors,2,Unknown / no property,29,Bank,Own,1,Unemployed / unskilled non-resident,1,No,Yes,Female,25 and over,0
737,0-200 DM,24,Existing credits paid duly,Car (used),11560,< 100 DM,1-4 years,1,Female: divorced/separated/married,No other debtors,4,Car or other,23,No other plans,Rent,2,Management / self-employed / highly qualified,1,No,Yes,Female,Under 25,1
738,< 0 DM,18,Existing credits paid duly,Car (new),4380,100-500 DM,1-4 years,3,Male: single,No other debtors,4,Car or other,35,No other plans,Own,1,Unskilled resident,2,Yes,Yes,Male,25 and over,0
739,No checking account,6,Critical account / other credits,Car (new),6761,< 100 DM,4-7 years,1,Male: single,No other debtors,3,Unknown / no property,45,No other plans,Own,2,Management / self-employed / highly qualified,2,Yes,Yes,Male,25 and over,0
740,0-200 DM,30,No credits / all paid duly,Business,4280,100-500 DM,1-4 years,4,Female: divorced/separated/married,No other debtors,4,Car or other,26,No other plans,Rent,2,Unskilled resident,1,No,Yes,Female,25 and over,1
741,< 0 DM,24,All credits at this bank paid duly,Car (new),2325,100-500 DM,4-7 years,2,Male: single,No other debtors,3,Car or other,32,Bank,Own,1,Skilled employee,1,No,Yes,Male,25 and over,0
742,0-200 DM,10,All credits at this bank paid duly,Radio / television,1048,< 100 DM,1-4 years,4,Male: single,No other debtors,4,Real estate,23,Stores,Own,1,Unskilled resident,1,No,Yes,Male,Under 25,0
743,No checking account,21,Existing credits paid duly,Radio / television,3160,Unknown / no savings,>= 7 years,4,Male: single,No other debtors,3,Building society savings / life insurance,41,No other plans,Own,1,Skilled employee,1,Yes,Yes,Male,25 and over,0
744,< 0 DM,24,All credits at this bank paid duly,Furniture / equipment,2483,500-1000 DM,1-4 years,4,Male: single,No other debtors,4,Real estate,22,Stores,Own,1,Skilled employee,1,Yes,Yes,Male,Under 25,0
745,< 0 DM,39,Critical account / other credits,Furniture / equipment,14179,Unknown / no savings,4-7 years,4,Male: single,No other debtors,4,Building society savings / life insurance,30,No other plans,Own,2,Management / self-employed / highly qualified,1,Yes,Yes,Male,25 and over,0
746,< 0 DM,13,Critical account / other credits,Business,1797,< 100 DM,< 1 year,3,Male: single,No other debtors,1,Building society savings / life insurance,28,Bank,Own,2,Unskilled resident,1,No,Yes,Male,25 and over,0
747,< 0 DM,15,Existing credits paid duly,Car (new),2511,< 100 DM,Unemployed,1,Female: divorced/separated/married,No other debtors,4,Car or other,23,No other plans,Rent,1,Skilled employee,1,No,Yes,Female,Under 25,0
748,< 0 DM,12,Existing credits paid duly,Car (new),1274,< 100 DM,< 1 year,3,Female: divorced/separated/married,No other debtors,1,Real estate,37,No other plans,Own,1,Unskilled resident,1,No,Yes,Female,25 and over,1
749,No checking account,21,Existing credits paid duly,Car (used),5248,Unknown / no savings,1-4 years,1,Male: single,No other debtors,3,Car or other,26,No other plans,Own,1,Skilled employee,1,No,Yes,Male,25 and over,0
750,No checking account,15,Existing credits paid duly,Car (used),3029,< 100 DM,4-7 years,2,Male: single,No other debtors,2,Car or other,33,No other plans,Own,1,Skilled employee,1,No,Yes,Male,25 and over,0
751,< 0 DM,6,Existing credits paid duly,Furniture / equipment,428,< 100 DM,>= 7 years,2,Female: divorced/separated/married,No other debtors,1,Building society savings / life insurance,49,Bank,Own,1,Skilled employee,1,Yes,Yes,Female,25 and over,0
752,< 0 DM,18,Existing credits paid duly,Car (new),976,< 100 DM,< 1 year,1,Female: divorced/separated/married,No other debtors,2,Car or other,23,No other plans,Own,1,Unskilled resident,1,No,Yes,Female,Under 25,1
753,0-200 DM,12,Existing credits paid duly,Business,841,100-500 DM,4-7 years,2,Female: divorced/separated/married,No other debtors,4,Real estate,23,No other plans,Rent,1,Unskilled resident,1,No,Yes,Female,Under 25,0
754,No checking account,30,Critical account / other credits,Radio / television,5771,< 100 DM,4-7 years,4,Female: divorced/separated/married,No other debtors,2,Car or other,25,No other plans,Own,2,Skilled employee,1,No,Yes,Female,25 and over,0
755,No checking account,12,Delay in paying in the past,Repairs,1555,>= 1000 DM,>= 7 years,4,Male: single,No other debtors,4,Unknown / no property,55,No other plans,For free,2,Skilled employee,2,No,Yes,Male,25 and over,1
756,< 0 DM,24,Existing credits paid duly,Car (new),1285,Unknown / no savings,4-7 years,4,Female: divorced/separated/married,No other debtors,4,Unknown / no property,32,No other plans,Rent,1,Skilled employee,1,No,Yes,Female,25 and over,1
757,>= 200 DM,6,Critical account / other credits,Car (new),1299,< 100 DM,1-4 years,1,Male: single,No other debtors,1,Real estate,74,No other plans,Own,3,Unemployed / unskilled non-resident,2,No,No,Male,25 and over,0
758,>= 200 DM,15,Critical account / other credits,Radio / television,1271,Unknown / no savings,1-4 years,3,Male: single,No other debtors,4,Unknown / no property,39,No other plans,For free,2,Skilled employee,1,Yes,Yes,Male,25 and over,1
759,No checking account,24,Existing credits paid duly,Car (new),1393,< 100 DM,1-4 years,2,Male: single,Guarantor,2,Real estate,31,No other plans,Own,1,Skilled employee,1,Yes,Yes,Male,25 and over,0
760,< 0 DM,12,Critical account / other credits,Car (new),691,< 100 DM,>= 7 years,4,Male: single,No other debtors,3,Building society savings / life insurance,35,No other plans,Own,2,Skilled employee,1,No,Yes,Male,25 and over,1
761,No checking account,15,Critical account / other credits,Car (new),5045,Unknown / no savings,>= 7 years,1,Female: divorced/separated/married,No other debtors,4,Car or other,59,No other plans,Own,1,Skilled employee,1,Yes,Yes,Female,25 and over,0
762,< 0 DM,18,Critical account / other credits,Furniture / equipment,2124,< 100 DM,1-4 years,4,Female: divorced/separated/married,No other debtors,4,Real estate,24,No other plans,Rent,2,Skilled employee,1,No,Yes,Female,Under 25,1
763,< 0 DM,12,Existing credits paid duly,Radio / television,2214,< 100 DM,1-4 years,4,Male: single,No other debtors,3,Building society savings / life insurance,24,No other plans,Own,1,Unskilled resident,1,No,Yes,Male,Under 25,0
764,No checking account,21,Critical account / other credits,Car (new),12680,Unknown / no savings,>= 7 years,4,Male: single,No other debtors,4,Unknown / no property,30,No other plans,For free,1,Management / self-employed / highly qualified,1,Yes,Yes,Male,25 and over,1
765,No checking account,24,Critical account / other credits,Car (new),2463,100-500 DM,4-7 years,4,Male: married/widowed,No other debtors,3,Building society savings / life insurance,27,No other plans,Own,2,Skilled employee,1,Yes,Yes,Male,25 and over,0
766,0-200 DM,12,Existing credits paid duly,Radio / television,1155,< 100 DM,>= 7 years,3,Male: married/widowed,Guarantor,3,Real estate,40,Bank,Own,2,Unskilled resident,1,No,Yes,Male,25 and over,0
767,< 0 DM,30,Existing credits paid duly,Furniture / equipment,3108,< 100 DM,< 1 year,2,Male: divorced/separated,No other debtors,4,Building society savings / life insurance,31,No other plans,Own,1,Unskilled resident,1,No,Yes,Male,25 and over,1
768,No checking account,10,Existing credits paid duly,Car (used),2901,Unknown / no savings,< 1 year,1,Female: divorced/separated/married,No other debtors,4,Real estate,31,No other plans,Rent,1,Skilled employee,1,No,Yes,Female,25 and over,0
769,0-200 DM,12,Critical account / other credits,Furniture / equipment,3617,< 100 DM,>= 7 years,1,Male: single,No other debtors,4,Car or other,28,No other plans,Rent,3,Skilled employee,1,Yes,Yes,Male,25 and over,0
770,No checking account,12,Critical account / other credits,Radio / television,1655,< 100 DM,>= 7 years,2,Male: single,No other debtors,4,Real estate,63,No other plans,Own,2,Unskilled resident,1,Yes,Yes,Male,25 and over,0
771,< 0 DM,24,Existing credits paid duly,Car (used),2812,Unknown / no savings,>= 7 years,2,Female: divorced/separated/married,No other debtors,4,Real estate,26,No other plans,Rent,1,Skilled employee,1,No,Yes,Female,25 and over,0
772,< 0 DM,36,Critical account / other credits,Education,8065,< 100 DM,1-4 years,3,Female: divorced/separated/married,No other debtors,2,Unknown / no property,25,No other plans,Own,2,Management / self-employed / highly qualified,1,Yes,Yes,Female,25 and over,1
773,No checking account,21,Critical account / other credits,Car (used),3275,< 100 DM,>= 7 years,1,Male: single,No other debtors,4,Car or other,36,No other plans,Own,1,Management / self-employed / highly qualified,1,Yes,Yes,Male,25 and over,0
774,No checking account,24,Critical account / other credits,Radio / television,2223,100-500 DM,>= 7 years,4,Male: single,No other debtors,4,Building society savings / life insurance,52,Bank,Own,2,Skilled employee,1,No,Yes,Male,25 and over,0
775,>= 200 DM,12,Critical account / other credits,Car (new),1480,500-1000 DM,Unemployed,2,Male: single,No other debtors,4,Unknown / no property,66,Bank,For free,3,Unemployed / unskilled non-resident,1,No,Yes,Male,25 and over,0
776,< 0 DM,24,Existing credits paid duly,Car (new),1371,Unknown / no savings,1-4 years,4,Female: divorced/separated/married,No other debtors,4,Real estate,25,No other plans,Rent,1,Skilled employee,1,No,Yes,Female,25 and over,1
777,No checking account,36,Critical account / other credits,Car (new),3535,< 100 DM,4-7 years,4,Male: single,No other debtors,4,Car or other,37,No other plans,Own,2,Skilled employee,1,Yes,Yes,Male,25 and over,0
778,< 0 DM,18,Existing credits paid duly,Radio / television,3509,< 100 DM,4-7 years,4,Female: divorced/separated/married,Guarantor,1,Real estate,25,No other plans,Own,1,Skilled employee,1,No,Yes,Female,25 and over,0
779,No checking account,36,Critical account / other credits,Car (used),5711,>= 1000 DM,>= 7 years,4,Male: single,No other debtors,2,Car or other,38,No other plans,Own,2,Management / self-employed / highly qualified,1,Yes,Yes,Male,25 and over,0
780,0-200 DM,18,Existing credits paid duly,Repairs,3872,< 100 DM,Unemployed,2,Female: divorced/separated/married,No other debtors,4,Car or other,67,No other plans,Own,1,Skilled employee,1,Yes,Yes,Female,25 and over,0
781,0-200 DM,39,Critical account / other credits,Radio / television,4933,< 100 DM,4-7 years,2,Male: single,Guarantor,2,Real estate,25,No other plans,Own,2,Skilled employee,1,No,Yes,Male,25 and over,1
782,No checking account,24,Critical account / other credits,Car (new),1940,>= 1000 DM,>= 7 years,4,Male: single,No other debtors,4,Real estate,60,No other plans,Own,1,Skilled employee,1,Yes,Yes,Male,25 and over,0
783,0-200 DM,12,No credits / all paid duly,Retraining,1410,< 100 DM,1-4 years,2,Male: single,No other debtors,2,Real estate,31,No other plans,Own,1,Unskilled resident,1,Yes,Yes,Male,25 and over,0
784,0-200 DM,12,Existing credits paid duly,Car (new),836,100-500 DM,< 1 year,4,Female: divorced/separated/married,No other debtors,2,Building society savings / life insurance,23,Bank,Own,1,Unskilled resident,1,No,Yes,Female,Under 25,1
785,0-200 DM,20,Existing credits paid duly,Car (used),6468,Unknown / no savings,Unemployed,1,Male: divorced/separated,No other debtors,4,Real estate,60,No other plans,Own,1,Management / self-employed / highly qualified,1,Yes,Yes,Male,25 and over,0
786,0-200 DM,18,Existing credits paid duly,Business,1941,>= 1000 DM,1-4 years,4,Male: single,No other debtors,2,Building society savings / life insurance,35,No other plans,Own,1,Unskilled resident,1,Yes,Yes,Male,25 and over,0
787,No checking account,22,Existing credits paid duly,Radio / television,2675,500-1000 DM,>= 7 years,3,Male: single,No other debtors,4,Car or other,40,No other plans,Own,1,Skilled employee,1,No,Yes,Male,25 and over,0
788,No checking account,48,Critical account / other credits,Car (used),2751,Unknown / no savings,>= 7 years,4,Male: single,No other debtors,3,Car or other,38,No other plans,Own,2,Skilled employee,2,Yes,Yes,Male,25 and over,0
789,0-200 DM,48,Delay in paying in the past,Education,6224,< 100 DM,>= 7 years,4,Male: single,No other debtors,4,Unknown / no property,50,No other plans,For free,1,Skilled employee,1,No,Yes,Male,25 and over,1
790,< 0 DM,40,Critical account / other credits,Education,5998,< 100 DM,1-4 years,4,Male: single,No other debtors,3,Unknown / no property,27,Bank,Own,1,Skilled employee,1,Yes,Yes,Male,25 and over,1
791,0-200 DM,21,Existing credits paid duly,Business,1188,< 100 DM,>= 7 years,2,Female: divorced/separated/married,No other debtors,4,Building society savings / life insurance,39,No other plans,Own,1,Skilled employee,2,No,Yes,Female,25 and over,1
792,No checking account,24,Existing credits paid duly,Car (used),6313,Unknown / no savings,>= 7 years,3,Male: single,No other debtors,4,Car or other,41,No other plans,Own,1,Management / self-employed / highly qualified,2,Yes,Yes,Male,25 and over,0
793,No checking account,6,Critical account / other credits,Furniture / equipment,1221,Unknown / no savings,1-4 years,1,Male: married/widowed,No other debtors,2,Building society savings / life insurance,27,No other plans,Own,2,Skilled employee,1,No,Yes,Male,25 and over,0
794,>= 200 DM,24,Existing credits paid duly,Furniture / equipment,2892,< 100 DM,>= 7 years,3,Male: divorced/separated,No other debtors,4,Unknown / no property,51,No other plans,For free,1,Skilled employee,1,No,Yes,Male,25 and over,0
795,No checking account,24,Existing credits paid duly,Furniture / equipment,3062,500-1000 DM,>= 7 years,4,Male: single,No other debtors,3,Unknown / no property,32,No other plans,Rent,1,Skilled employee,1,Yes,Yes,Male,25 and over,0
796,No checking account,9,Existing credits paid duly,Furniture / equipment,2301,100-500 DM,< 1 year,2,Female: divorced/separated/married,No other debtors,4,Building society savings / life insurance,22,No other plans,Rent,1,Skilled employee,1,No,Yes,Female,Under 25,0
797,< 0 DM,18,Existing credits paid duly,Car (used),7511,Unknown / no savings,>= 7 years,1,Male: single,No other debtors,4,Building society savings / life insurance,51,No other plans,For free,1,Skilled employee,2,Yes,Yes,Male,25 and over,1
798,No checking account,12,Critical account / other credits,Furniture / equipment,1258,< 100 DM,< 1 year,2,Female: divorced/separated/married,No other debtors,4,Building society savings / life insurance,22,No other plans,Rent,2,Unskilled resident,1,No,Yes,Female,Under 25,0
799,No checking account,24,Delay in paying in the past,Car (new),717,Unknown / no savings,>= 7 years,4,Male: married/widowed,No other debtors,4,Car or other,54,No other plans,Own,2,Skilled employee,1,Yes,Yes,Male,25 and over,0
800,0-200 DM,9,Existing credits paid duly,Car (new),1549,Unknown / no savings,< 1 year,4,Male: single,No other debtors,2,Real estate,35,No other plans,Own,1,Unemployed / unskilled non-resident,1,No,Yes,Male,25 and over,0
801,No checking account,24,Critical account / other credits,Education,1597,< 100 DM,>= 7 years,4,Male: single,No other debtors,4,Unknown / no property,54,No other plans,For free,2,Skilled employee,2,No,Yes,Male,25 and over,0
802,0-200 DM,18,Critical account / other credits,Radio / television,1795,< 100 DM,>= 7 years,3,Female: divorced/separated/married,Guarantor,4,Real estate,48,Bank,Rent,2,Unskilled resident,1,Yes,Yes,Female,25 and over,0
803,< 0 DM,20,Critical account / other credits,Furniture / equipment,4272,< 100 DM,>= 7 years,1,Female: divorced/separated/married,No other debtors,4,Building society savings / life insurance,24,No other plans,Own,2,Skilled employee,1,No,Yes,Female,Under 25,0
804,No checking account,12,Critical account / other credits,Radio / television,976,Unknown / no savings,>= 7 years,4,Male: single,No other debtors,4,Car or other,35,No other plans,Own,2,Skilled employee,1,No,Yes,Male,25 and over,0
805,0-200 DM,12,Existing credits paid duly,Car (new),7472,Unknown / no savings,Unemployed,1,Female: divorced/separated/married,No other debtors,2,Real estate,24,No other plans,Rent,1,Unemployed / unskilled non-resident,1,No,Yes,Female,Under 25,0
806,< 0 DM,36,Existing credits paid duly,Car (new),9271,< 100 DM,4-7 years,2,Male: single,No other debtors,1,Car or other,24,No other plans,Own,1,Skilled employee,1,Yes,Yes,Male,Under 25,1
807,0-200 DM,6,Existing credits paid duly,Radio / television,590,< 100 DM,< 1 year,3,Male: married/widowed,No other debtors,3,Real estate,26,No other plans,Own,1,Unskilled resident,1,No,No,Male,25 and over,0
808,No checking account,12,Critical account / other credits,Radio / television,930,Unknown / no savings,>= 7 years,4,Male: single,No other debtors,4,Real estate,65,No other plans,Own,4,Skilled employee,1,No,Yes,Male,25 and over,0
809,0-200 DM,42,All credits at this bank paid duly,Car (used),9283,< 100 DM,Unemployed,1,Male: single,No other debtors,2,Unknown / no property,55,Bank,For free,1,Management / self-employed / highly qualified,1,Yes,Yes,Male,25 and over,0
810,0-200 DM,15,No credits / all paid duly,Car (new),1778,< 100 DM,< 1 year,2,Female: divorced/separated/married,No other debtors,1,Real estate,26,No other plans,Rent,2,Unemployed / unskilled non-resident,1,No,Yes,Female,25 and over,1
811,0-200 DM,8,Existing credits paid duly,Business,907,< 100 DM,< 1 year,3,Male: married/widowed,No other debtors,2,Real estate,26,No other plans,Own,1,Skilled employee,1,Yes,Yes,Male,25 and over,0
812,0-200 DM,6,Existing credits paid duly,Radio / television,484,< 100 DM,4-7 years,3,Male: married/widowed,Guarantor,3,Real estate,28,Bank,Own,1,Unskilled resident,1,No,Yes,Male,25 and over,0
813,< 0 DM,36,Critical account / other credits,Car (used),9629,< 100 DM,4-7 years,4,Male: single,No other debtors,4,Car or other,24,No other plans,Own,2,Skilled employee,1,Yes,Yes,Male,Under 25,1
814,< 0 DM,48,Existing credits paid duly,Domestic appliances,3051,< 100 DM,1-4 years,3,Male: single,No other debtors,4,Car or other,54,No other plans,Own,1,Skilled employee,1,No,Yes,Male,25 and over,1
815,< 0 DM,48,Existing credits paid duly,Car (new),3931,< 100 DM,4-7 years,4,Male: single,No other debtors,4,Unknown / no property,46,No other plans,For free,1,Skilled employee,2,No,Yes,Male,25 and over,1
816,0-200 DM,36,Delay in paying in the past,Car (new),7432,< 100 DM,1-4 years,2,Female: divorced/separated/married,No other debtors,2,Building society savings / life insurance,54,No other plans,Rent,1,Skilled employee,1,No,Yes,Female,25 and over,0
817,No checking account,6,Existing credits paid duly,Domestic appliances,1338,500-1000 DM,1-4 years,1,Male: divorced/separated,No other debtors,4,Real estate,62,No other plans,Own,1,Skilled employee,1,No,Yes,Male,25 and over,0
818,No checking account,6,Critical account / other credits,Radio / television,1554,< 100 DM,4-7 years,1,Female: divorced/separated/married,No other debtors,2,Car or other,24,No other plans,Rent,2,Skilled employee,1,Yes,Yes,Female,Under 25,0
819,< 0 DM,36,Existing credits paid duly,Others,15857,< 100 DM,Unemployed,2,Male: divorced/separated,Co-applicant,3,Car or other,43,No other plans,Own,1,Management / self-employed / highly qualified,1,No,Yes,Male,25 and over,0
820,< 0 DM,18,Existing credits paid duly,Radio / television,1345,< 100 DM,1-4 years,4,Male: married/widowed,No other debtors,3,Real estate,26,Bank,Own,1,Skilled employee,1,No,Yes,Male,25 and over,1
821,No checking account,12,Existing credits paid duly,Car (new),1101,< 100 DM,1-4 years,3,Male: married/widowed,No other debtors,2,Real estate,27,No other plans,Own,2,Skilled employee,1,Yes,Yes,Male,25 and over,0
822,>= 200 DM,12,Existing credits paid duly,Radio / television,3016,< 100 DM,1-4 years,3,Male: married/widowed,No other debtors,1,Car or other,24,No other plans,Own,1,Skilled employee,1,No,Yes,Male,Under 25,0
823,< 0 DM,36,Existing credits paid duly,Furniture / equipment,2712,< 100 DM,>= 7 years,2,Male: single,No other debtors,2,Building society savings / life insurance,41,Bank,Own,1,Skilled employee,2,No,Yes,Male,25 and over,1
824,< 0 DM,8,Critical account / other credits,Car (new),731,< 100 DM,>= 7 years,4,Male: single,No other debtors,4,Real estate,47,No other plans,Own,2,Unskilled resident,1,No,Yes,Male,25 and over,0
825,No checking account,18,Critical account / other credits,Furniture / equipment,3780,< 100 DM,< 1 year,3,Male: divorced/separated,No other debtors,2,Car or other,35,No other plans,Own,2,Management / self-employed / highly qualified,1,Yes,Yes,Male,25 and over,0
826,< 0 DM,21,Critical account / other credits,Car (new),1602,< 100 DM,>= 7 years,4,Male: married/widowed,No other debtors,3,Car or other,30,No other plans,Own,2,Skilled employee,1,Yes,Yes,Male,25 and over,0
827,< 0 DM,18,Critical account / other credits,Car (new),3966,< 100 DM,>= 7 years,1,Female: divorced/separated/married,No other debtors,4,Real estate,33,Bank,Rent,3,Skilled employee,1,Yes,Yes,Female,25 and over,1
828,No checking account,18,No credits / all paid duly,Business,4165,< 100 DM,1-4 years,2,Male: single,No other debtors,2,Car or other,36,Stores,Own,2,Skilled employee,2,No,Yes,Male,25 and over,1
829,< 0 DM,36,Existing credits paid duly,Car (used),8335,Unknown / no savings,>= 7 years,3,Male: single,No other debtors,4,Unknown / no property,47,No other plans,For free,1,Skilled employee,1,No,Yes,Male,25 and over,1
830,0-200 DM,48,Delay in paying in the past,Business,6681,Unknown / no savings,1-4 years,4,Male: single,No other debtors,4,Unknown / no property,38,No other plans,For free,1,Skilled employee,2,Yes,Yes,Male,25 and over,0
831,No checking account,24,Delay in paying in the past,Business,2375,500-1000 DM,1-4 years,4,Male: single,No other debtors,2,Car or other,44,No other plans,Own,2,Skilled employee,2,Yes,Yes,Male,25 and over,0
832,< 0 DM,18,Existing credits paid duly,Car (new),1216,< 100 DM,< 1 year,4,Female: divorced/separated/married,No other debtors,3,Car or other,23,No other plans,Rent,1,Skilled employee,1,Yes,Yes,Female,Under 25,1
833,< 0 DM,45,No credits / all paid duly,Business,11816,< 100 DM,>= 7 years,2,Male: single,No other debtors,4,Car or other,29,No other plans,Rent,2,Skilled employee,1,No,Yes,Male,25 and over,1
834,0-200 DM,24,Existing credits paid duly,Radio / television,5084,Unknown / no savings,>= 7 years,2,Female: divorced/separated/married,No other debtors,4,Car or other,42,No other plans,Own,1,Skilled employee,1,Yes,Yes,Female,25 and over,0
835,>= 200 DM,15,Existing credits paid duly,Radio / television,2327,< 100 DM,< 1 year,2,Female: divorced/separated/married,No other debtors,3,Real estate,25,No other plans,Own,1,Unskilled resident,1,No,Yes,Female,25 and over,1
836,< 0 DM,12,No credits / all paid duly,Car (new),1082,< 100 DM,1-4 years,4,Male: single,No other debtors,4,Car or other,48,Bank,Own,2,Skilled employee,1,No,Yes,Male,25 and over,1
837,No checking account,12,Existing credits paid duly,Radio / television,886,Unknown / no savings,1-4 years,4,Female: divorced/separated/married,No other debtors,2,Car or other,21,No other plans,Own,1,Skilled employee,1,No,Yes,Female,Under 25,0
838,No checking account,4,Existing credits paid duly,Furniture / equipment,601,< 100 DM,< 1 year,1,Female: divorced/separated/married,No other debtors,3,Real estate,23,No other plans,Rent,1,Unskilled resident,2,No,Yes,Female,Under 25,0
839,< 0 DM,24,Critical account / other credits,Car (used),2957,< 100 DM,>= 7 years,4,Male: single,No other debtors,4,Building society savings / life insurance,63,No other plans,Own,2,Skilled employee,1,Yes,Yes,Male,25 and over,0
840,No checking account,24,Critical account / other credits,Radio / television,2611,< 100 DM,>= 7 years,4,Male: married/widowed,Co-applicant,3,Real estate,46,No other plans,Own,2,Skilled employee,1,No,Yes,Male,25 and over,0
841,< 0 DM,36,Existing credits paid duly,Furniture / equipment,5179,< 100 DM,4-7 years,4,Male: single,No other debtors,2,Building society savings / life insurance,29,No other plans,Own,1,Skilled employee,1,No,Yes,Male,25 and over,1
842,No checking account,21,Delay in paying in the past,Car (used),2993,< 100 DM,1-4 years,3,Male: single,No other debtors,2,Real estate,28,Stores,Own,2,Unskilled resident,1,No,Yes,Male,25 and over,0
843,No checking account,18,Existing credits paid duly,Repairs,1943,< 100 DM,< 1 year,4,Female: divorced/separated/married,No other debtors,4,Real estate,23,No other plans,Own,1,Skilled employee,1,No,Yes,Female,Under 25,1
844,No checking account,24,All credits at this bank paid duly,Business,1559,< 100 DM,4-7 years,4,Male: single,No other debtors,4,Car or other,50,Bank,Own,1,Skilled employee,1,Yes,Yes,Male,25 and over,0
845,No checking account,18,Existing credits paid duly,Furniture / equipment,3422,< 100 DM,>= 7 years,4,Male: single,No other debtors,4,Building society savings / life insurance,47,Bank,Own,3,Skilled employee,2,Yes,Yes,Male,25 and over,0
846,0-200 DM,21,Existing credits paid duly,Furniture / equipment,3976,Unknown / no savings,4-7 years,2,Male: single,No other debtors,3,Car or other,35,No other plans,Own,1,Skilled employee,1,Yes,Yes,Male,25 and over,0
847,No checking account,18,Existing credits paid duly,Car (new),6761,Unknown / no savings,1-4 years,2,Male: single,No other debtors,4,Car or other,68,No other plans,Rent,2,Skilled employee,1,No,Yes,Male,25 and over,1
848,No checking account,24,Existing credits paid duly,Car (new),1249,< 100 DM,< 1 year,4,Male: married/widowed,No other debtors,2,Real estate,28,No other plans,Own,1,Skilled employee,1,No,Yes,Male,25 and over,0
849,< 0 DM,9,Existing credits paid duly,Radio / television,1364,< 100 DM,4-7 years,3,Male: single,No other debtors,4,Real estate,59,No other plans,Own,1,Skilled employee,1,No,Yes,Male,25 and over,0
850,< 0 DM,12,Existing credits paid duly,Radio / television,709,< 100 DM,>= 7 years,4,Male: single,No other debtors,4,Real estate,57,Stores,Own,1,Unskilled resident,1,No,Yes,Male,25 and over,1
851,< 0 DM,20,Critical account / other credits,Car (new),2235,< 100 DM,1-4 years,4,Male: married/widowed,Guarantor,2,Building society savings / life insurance,33,Bank,Rent,2,Skilled employee,1,No,No,Male,25 and over,1
852,No checking account,24,Critical account / other credits,Car (used),4042,Unknown / no savings,4-7 years,3,Male: single,No other debtors,4,Building society savings / life insurance,43,No other plans,Own,2,Skilled employee,1,Yes,Yes,Male,25 and over,0
853,No checking account,15,Critical account / other credits,Radio / television,1471,< 100 DM,1-4 years,4,Male: single,No other debtors,4,Unknown / no property,35,No other plans,For free,2,Skilled employee,1,Yes,Yes,Male,25 and over,0
854,< 0 DM,18,All credits at this bank paid duly,Car (new),1442,< 100 DM,4-7 years,4,Male: single,No other debtors,4,Unknown / no property,32,No other plans,For free,2,Unskilled resident,2,No,Yes,Male,25 and over,1
855,No checking account,36,Delay in paying in the past,Car (new),10875,< 100 DM,>= 7 years,2,Male: single,No other debtors,2,Car or other,45,No other plans,Own,2,Skilled employee,2,Yes,Yes,Male,25 and over,0
856,No checking account,24,Existing credits paid duly,Car (new),1474,100-500 DM,< 1 year,4,Male: married/widowed,No other debtors,3,Real estate,33,No other plans,Own,1,Skilled employee,1,Yes,Yes,Male,25 and over,0
857,No checking account,10,Existing credits paid duly,Retraining,894,Unknown / no savings,4-7 years,4,Female: divorced/separated/married,No other debtors,3,Building society savings / life insurance,40,No other plans,Own,1,Skilled employee,1,Yes,Yes,Female,25 and over,0
858,No checking account,15,Critical account / other credits,Furniture / equipment,3343,< 100 DM,1-4 years,4,Male: single,No other debtors,2,Unknown / no property,28,No other plans,For free,1,Skilled employee,1,Yes,Yes,Male,25 and over,0
859,< 0 DM,15,Existing credits paid duly,Car (new),3959,< 100 DM,1-4 years,3,Female: divorced/separated/married,No other debtors,2,Building society savings / life insurance,29,No other plans,Own,1,Skilled employee,1,Yes,Yes,Female,25 and over,1
860,No checking account,9,Existing credits paid duly,Car (new),3577,100-500 DM,1-4 years,1,Male: single,Guarantor,2,Real estate,26,No other plans,Rent,1,Skilled employee,2,No,No,Male,25 and over,0
861,No checking account,24,Critical account / other credits,Car (used),5804,>= 1000 DM,1-4 years,4,Male: single,No other debtors,2,Real estate,27,No other plans,Own,2,Skilled employee,1,No,Yes,Male,25 and over,0
862,No checking account,18,Delay in paying in the past,Business,2169,< 100 DM,1-4 years,4,Male: married/widowed,No other debtors,2,Car or other,28,No other plans,Own,1,Skilled employee,1,Yes,Yes,Male,25 and over,1
863,< 0 DM,24,Existing credits paid duly,Radio / television,2439,< 100 DM,< 1 year,4,Female: divorced/separated/married,No other debtors,4,Real estate,35,No other plans,Own,1,Skilled employee,1,Yes,Yes,Female,25 and over,1
864,No checking account,27,Critical account / other credits,Furniture / equipment,4526,>= 1000 DM,< 1 year,4,Male: single,No other debtors,2,Real estate,32,Stores,Own,2,Unskilled resident,2,Yes,Yes,Male,25 and over,0
865,No checking account,10,Existing credits paid duly,Furniture / equipment,2210,< 100 DM,1-4 years,2,Male: single,No other debtors,2,Real estate,25,Bank,Rent,1,Unskilled resident,1,No,Yes,Male,25 and over,1
866,No checking account,15,Existing credits paid duly,Furniture / equipment,2221,500-1000 DM,1-4 years,2,Female: divorced/separated/married,No other debtors,4,Car or other,20,No other plans,Rent,1,Skilled employee,1,No,Yes,Female,Under 25,0
867,< 0 DM,18,Existing credits paid duly,Radio / television,2389,< 100 DM,< 1 year,4,Female: divorced/separated/married,No other debtors,1,Car or other,27,Stores,Own,1,Skilled employee,1,No,Yes,Female,25 and over,0
868,No checking account,12,Critical account / other credits,Furniture / equipment,3331,< 100 DM,>= 7 years,2,Male: single,No other debtors,4,Building society savings / life insurance,42,Stores,Own,1,Skilled employee,1,No,Yes,Male,25 and over,0
869,No checking account,36,Existing credits paid duly,Business,7409,Unknown / no savings,>= 7 years,3,Male: single,No other debtors,2,Building society savings / life insurance,37,No other plans,Own,2,Skilled employee,1,No,Yes,Male,25 and over,0
870,< 0 DM,12,Existing credits paid duly,Furniture / equipment,652,< 100 DM,>= 7 years,4,Female: divorced/separated/married,No other debtors,4,Building society savings / life insurance,24,No other plans,Rent,1,Skilled employee,1,No,Yes,Female,Under 25,0
871,No checking account,36,Delay in paying in the past,Furniture / equipment,7678,500-1000 DM,4-7 years,2,Female: divorced/separated/married,No other debtors,4,Car or other,40,No other plans,Own,2,Skilled employee,1,Yes,Yes,Female,25 and over,0
872,>= 200 DM,6,Critical account / other credits,Car (new),1343,< 100 DM,>= 7 years,1,Male: single,No other debtors,4,Real estate,46,No other plans,Own,2,Skilled employee,2,No,No,Male,25 and over,0
873,< 0 DM,24,Critical account / other credits,Business,1382,100-500 DM,4-7 years,4,Male: single,No other debtors,1,Real estate,26,No other plans,Own,2,Skilled employee,1,Yes,Yes,Male,25 and over,0
874,No checking account,15,Existing credits paid duly,Domestic appliances,874,Unknown / no savings,< 1 year,4,Female: divorced/separated/married,No other debtors,1,Real estate,24,No other plans,Own,1,Skilled employee,1,No,Yes,Female,Under 25,0
875,< 0 DM,12,Existing credits paid duly,Furniture / equipment,3590,< 100 DM,1-4 years,2,Male: single,Co-applicant,2,Building society savings / life insurance,29,No other plans,Own,1,Unskilled resident,2,No,Yes,Male,25 and over,0
876,0-200 DM,11,Critical account / other credits,Car (new),1322,>= 1000 DM,1-4 years,4,Female: divorced/separated/married,No other debtors,4,Car or other,40,No other plans,Own,2,Skilled employee,1,No,Yes,Female,25 and over,0
877,< 0 DM,18,All credits at this bank paid duly,Radio / television,1940,< 100 DM,< 1 year,3,Male: single,Co-applicant,4,Unknown / no property,36,Bank,For free,1,Management / self-employed / highly qualified,1,Yes,Yes,Male,25 and over,0
878,No checking account,36,Existing credits paid duly,Radio / television,3595,< 100 DM,>= 7 years,4,Male: single,No other debtors,2,Car or other,28,No other plans,Own,1,Skilled employee,1,No,Yes,Male,25 and over,0
879,< 0 DM,9,Existing credits paid duly,Car (new),1422,< 100 DM,< 1 year,3,Male: single,No other debtors,2,Unknown / no property,27,No other plans,For free,1,Management / self-employed / highly qualified,1,Yes,Yes,Male,25 and over,1
880,No checking account,30,Critical account / other credits,Radio / television,6742,Unknown / no savings,4-7 years,2,Male: single,No other debtors,3,Building society savings / life insurance,36,No other plans,Own,2,Skilled employee,1,No,Yes,Male,25 and over,0
881,No checking account,24,Existing credits paid duly,Car (used),7814,< 100 DM,4-7 years,3,Male: single,No other debtors,3,Car or other,38,No other plans,Own,1,Management / self-employed / highly qualified,1,Yes,Yes,Male,25 and over,0
882,No checking account,24,Existing credits paid duly,Car (used),9277,Unknown / no savings,1-4 years,2,Male: divorced/separated,No other debtors,4,Unknown / no property,48,No other plans,For free,1,Skilled employee,1,Yes,Yes,Male,25 and over,0
883,0-200 DM,30,Critical account / other credits,Car (new),2181,Unknown / no savings,>= 7 years,4,Male: single,No other debtors,4,Real estate,36,No other plans,Own,2,Skilled employee,1,No,Yes,Male,25 and over,0
884,No checking account,18,Critical account / other credits,Radio / television,1098,< 100 DM,Unemployed,4,Female: divorced/separated/married,No other debtors,4,Car or other,65,No other plans,Own,2,Unemployed / unskilled non-resident,1,No,Yes,Female,25 and over,0
885,0-200 DM,24,Existing credits paid duly,Furniture / equipment,4057,< 100 DM,4-7 years,3,Male: divorced/separated,No other debtors,3,Car or other,43,No other plans,Own,1,Skilled employee,1,Yes,Yes,Male,25 and over,1
886,< 0 DM,12,Existing credits paid duly,Education,795,< 100 DM,< 1 year,4,Female: divorced/separated/married,No other debtors,4,Building society savings / life insurance,53,No other plans,Own,1,Skilled employee,1,No,Yes,Female,25 and over,1
887,0-200 DM,24,Critical account / other credits,Business,2825,Unknown / no savings,4-7 years,4,Male: single,No other debtors,3,Unknown / no property,34,No other plans,Own,2,Skilled employee,2,Yes,Yes,Male,25 and over,0
888,0-200 DM,48,Existing credits paid duly,Business,15672,< 100 DM,1-4 years,2,Male: single,No other debtors,2,Car or other,23,No other plans,Own,1,Skilled employee,1,Yes,Yes,Male,Under 25,1
889,No checking account,36,Critical account / other credits,Car (new),6614,< 100 DM,>= 7 years,4,Male: single,No other debtors,4,Car or other,34,No other plans,Own,2,Management / self-employed / highly qualified,1,Yes,Yes,Male,25 and over,0
890,No checking account,28,All credits at this bank paid duly,Car (used),7824,Unknown / no savings,< 1 year,3,Male: single,Guarantor,4,Real estate,40,Bank,Rent,2,Skilled employee,2,Yes,Yes,Male,25 and over,0
891,< 0 DM,27,Critical account / other credits,Business,2442,< 100 DM,>= 7 years,4,Male: single,No other debtors,4,Car or other,43,Stores,Own,4,Management / self-employed / highly qualified,2,Yes,Yes,Male,25 and over,0
892,No checking account,15,Critical account / other credits,Radio / television,1829,< 100 DM,>= 7 years,4,Male: single,No other debtors,4,Car or other,46,No other plans,Own,2,Skilled employee,1,Yes,Yes,Male,25 and over,0
893,< 0 DM,12,Critical account / other credits,Car (new),2171,< 100 DM,1-4 years,4,Male: single,No other debtors,4,Building society savings / life insurance,38,Bank,Own,2,Unskilled resident,1,No,No,Male,25 and over,0
894,0-200 DM,36,Critical account / other credits,Car (used),5800,< 100 DM,1-4 years,3,Male: single,No other debtors,4,Car or other,34,No other plans,Own,2,Skilled employee,1,Yes,Yes,Male,25 and over,0
895,No checking account,18,Critical account / other credits,Radio / television,1169,Unknown / no savings,1-4 years,4,Male: single,No other debtors,3,Building society savings / life insurance,29,No other plans,Own,2,Skilled employee,1,Yes,Yes,Male,25 and over,0
896,No checking account,36,Delay in paying in the past,Car (used),8947,Unknown / no savings,4-7 years,3,Male: single,No other debtors,2,Car or other,31,Stores,Own,1,Management / self-employed / highly qualified,2,Yes,Yes,Male,25 and over,0
897,< 0 DM,21,Existing credits paid duly,Radio / television,2606,< 100 DM,< 1 year,4,Female: divorced/separated/married,No other debtors,4,Building society savings / life insurance,28,No other plans,Rent,1,Management / self-employed / highly qualified,1,Yes,Yes,Female,25 and over,0
898,No checking account,12,Critical account / other credits,Furniture / equipment,1592,>= 1000 DM,4-7 years,3,Female: divorced/separated/married,No other debtors,2,Building society savings / life insurance,35,No other plans,Own,1,Skilled employee,1,No,No,Female,25 and over,0
899,No checking account,15,Existing credits paid duly,Furniture / equipment,2186,Unknown / no savings,4-7 years,1,Female: divorced/separated/married,No other debtors,4,Real estate,33,Bank,Rent,1,Unskilled resident,1,No,Yes,Female,25 and over,0
900,< 0 DM,18,Existing credits paid duly,Furniture / equipment,4153,< 100 DM,1-4 years,2,Male: single,Co-applicant,3,Car or other,42,No other plans,Own,1,Skilled employee,1,No,Yes,Male,25 and over,1
901,< 0 DM,16,Critical account / other credits,Car (new),2625,< 100 DM,>= 7 years,2,Male: single,Guarantor,4,Building society savings / life insurance,43,Bank,Rent,1,Skilled employee,1,Yes,Yes,Male,25 and over,1
902,No checking account,20,Critical account / other credits,Car (new),3485,Unknown / no savings,< 1 year,2,Male: divorced/separated,No other debtors,4,Real estate,44,No other plans,Own,2,Skilled employee,1,Yes,Yes,Male,25 and over,0
903,No checking account,36,Critical account / other credits,Car (used),10477,Unknown / no savings,>= 7 years,2,Male: single,No other debtors,4,Unknown / no property,42,No other plans,For free,2,Skilled employee,1,No,Yes,Male,25 and over,0
904,No checking account,15,Existing credits paid duly,Radio / television,1386,Unknown / no savings,1-4 years,4,Male: married/widowed,No other debtors,2,Real estate,40,No other plans,Rent,1,Skilled employee,1,Yes,Yes,Male,25 and over,0
905,No checking account,24,Existing credits paid duly,Radio / television,1278,< 100 DM,>= 7 years,4,Male: single,No other debtors,1,Real estate,36,No other plans,Own,1,Management / self-employed / highly qualified,1,Yes,Yes,Male,25 and over,0
906,< 0 DM,12,Existing credits paid duly,Radio / television,1107,< 100 DM,1-4 years,2,Male: single,No other debtors,2,Real estate,20,No other plans,Rent,1,Management / self-employed / highly qualified,2,Yes,Yes,Male,Under 25,0
907,< 0 DM,21,Existing credits paid duly,Car (new),3763,Unknown / no savings,4-7 years,2,Male: single,Co-applicant,2,Real estate,24,No other plans,Own,1,Unskilled resident,1,No,No,Male,Under 25,0
908,0-200 DM,36,Existing credits paid duly,Education,3711,Unknown / no savings,1-4 years,2,Male: married/widowed,No other debtors,2,Car or other,27,No other plans,Own,1,Skilled employee,1,No,Yes,Male,25 and over,0
909,No checking account,15,Delay in paying in the past,Car (used),3594,< 100 DM,< 1 year,1,Female: divorced/separated/married,No other debtors,2,Building society savings / life insurance,46,No other plans,Own,2,Unskilled resident,1,No,Yes,Female,25 and over,0
910,0-200 DM,9,Existing credits paid duly,Car (new),3195,Unknown / no savings,1-4 years,1,Female: divorced/separated/married,No other debtors,2,Real estate,33,No other plans,Own,1,Unskilled resident,1,No,Yes,Female,25 and over,0
911,No checking account,36,Delay in paying in the past,Radio / television,4454,< 100 DM,1-4 years,4,Female: divorced/separated/married,No other debtors,4,Real estate,34,No other plans,Own,2,Skilled employee,1,No,Yes,Female,25 and over,0
912,0-200 DM,24,Critical account / other credits,Furniture / equipment,4736,< 100 DM,< 1 year,2,Female: divorced/separated/married,No other debtors,4,Car or other,25,Bank,Own,1,Unskilled resident,1,No,Yes,Female,25 and over,1
913,0-200 DM,30,Existing credits paid duly,Radio / television,2991,Unknown / no savings,>= 7 years,2,Female: divorced/separated/married,No other debtors,4,Car or other,25,No other plans,Own,1,Skilled employee,1,No,Yes,Female,25 and over,0
914,No checking account,11,Existing credits paid duly,Business,2142,>= 1000 DM,>= 7 years,1,Male: divorced/separated,No other debtors,2,Real estate,28,No other plans,Own,1,Skilled employee,1,Yes,Yes,Male,25 and over,0
915,< 0 DM,24,All credits at this bank paid duly,Business,3161,< 100 DM,1-4 years,4,Male: single,No other debtors,2,Building society savings / life insurance,31,No other plans,Rent,1,Skilled employee,1,Yes,Yes,Male,25 and over,1
916,0-200 DM,48,No credits / all paid duly,Others,18424,< 100 DM,1-4 years,1,Female: divorced/separated/married,No other debtors,2,Building society savings / life insurance,32,Bank,Own,1,Management / self-employed / highly qualified,1,Yes,No,Female,25 and over,1
917,No checking account,10,Existing credits paid duly,Car (used),2848,100-500 DM,1-4 years,1,Male: single,Co-applicant,2,Real estate,32,No other plans,Own,1,Skilled employee,2,No,Yes,Male,25 and over,0
918,< 0 DM,6,Existing credits paid duly,Car (new),14896,< 100 DM,>= 7 years,1,Male: single,No other debtors,4,Unknown / no property,68,Bank,Own,1,Management / self-employed / highly qualified,1,Yes,Yes,Male,25 and over,1
919,< 0 DM,24,Existing credits paid duly,Furniture / equipment,2359,100-500 DM,Unemployed,1,Male: divorced/separated,No other debtors,1,Building society savings / life insurance,33,No other plans,Own,1,Skilled employee,1,No,Yes,Male,25 and over,1
920,< 0 DM,24,Existing credits paid duly,Furniture / equipment,3345,< 100 DM,>= 7 years,4,Male: single,No other debtors,2,Building society savings / life insurance,39,No other plans,Rent,1,Management / self-employed / highly qualified,1,Yes,Yes,Male,25 and over,1
921,No checking account,18,Critical account / other credits,Furniture / equipment,1817,< 100 DM,1-4 years,4,Female: divorced/separated/married,No other debtors,2,Unknown / no property,28,No other plans,Own,2,Skilled employee,1,No,Yes,Female,25 and over,0
922,No checking account,48,Delay in paying in the past,Radio / television,12749,500-1000 DM,4-7 years,4,Male: single,No other debtors,1,Car or other,37,No other plans,Own,1,Management / self-employed / highly qualified,1,Yes,Yes,Male,25 and over,0
923,< 0 DM,9,Existing credits paid duly,Radio / television,1366,< 100 DM,< 1 year,3,Female: divorced/separated/married,No other debtors,4,Building society savings / life insurance,22,No other plans,Rent,1,Skilled employee,1,No,Yes,Female,Under 25,1
924,0-200 DM,12,Existing credits paid duly,Car (new),2002,< 100 DM,4-7 years,3,Male: single,No other debtors,4,Building society savings / life insurance,30,No other plans,Rent,1,Skilled employee,2,Yes,Yes,Male,25 and over,0
925,< 0 DM,24,All credits at this bank paid duly,Furniture / equipment,6872,< 100 DM,< 1 year,2,Male: divorced/separated,No other debtors,1,Building society savings / life insurance,55,Bank,Own,1,Skilled employee,1,Yes,Yes,Male,25 and over,1
926,< 0 DM,12,All credits at this bank paid duly,Car (new),697,< 100 DM,< 1 year,4,Male: single,No other debtors,2,Car or other,46,Bank,Own,2,Skilled employee,1,Yes,Yes,Male,25 and over,1
927,< 0 DM,18,Critical account / other credits,Furniture / equipment,1049,< 100 DM,< 1 year,4,Female: divorced/separated/married,No other debtors,4,Building society savings / life insurance,21,No other plans,Rent,1,Skilled employee,1,No,Yes,Female,Under 25,0
928,< 0 DM,48,Existing credits paid duly,Car (used),10297,< 100 DM,4-7 years,4,Male: single,No other debtors,4,Unknown / no property,39,Stores,For free,3,Skilled employee,2,Yes,Yes,Male,25 and over,1
929,No checking account,30,Existing credits paid duly,Radio / television,1867,Unknown / no savings,>= 7 years,4,Male: single,No other debtors,4,Car or other,58,No other plans,Own,1,Skilled employee,1,Yes,Yes,Male,25 and over,0
930,< 0 DM,12,Delay in paying in the past,Car (new),1344,< 100 DM,1-4 years,4,Male: single,No other debtors,2,Real estate,43,No other plans,Own,2,Unskilled resident,2,No,Yes,Male,25 and over,0
931,< 0 DM,24,Existing credits paid duly,Furniture / equipment,1747,< 100 DM,< 1 year,4,Male: single,Co-applicant,1,Building society savings / life insurance,24,No other plans,Own,1,Unskilled resident,1,No,No,Male,Under 25,0
932,0-200 DM,9,Existing credits paid duly,Radio / television,1670,< 100 DM,< 1 year,4,Female: divorced/separated/married,No other debtors,2,Car or other,22,No other plans,Own,1,Skilled employee,1,Yes,Yes,Female,Under 25,1
933,No checking account,9,Critical account / other credits,Car (new),1224,< 100 DM,1-4 years,3,Male: single,No other debtors,1,Real estate,30,No other plans,Own,2,Skilled employee,1,No,Yes,Male,25 and over,0
934,No checking account,12,Critical account / other credits,Radio / television,522,500-1000 DM,>= 7 years,4,Male: single,No other debtors,4,Building society savings / life insurance,42,No other plans,Own,2,Skilled employee,2,Yes,Yes,Male,25 and over,0
935,< 0 DM,12,Existing credits paid duly,Radio / television,1498,< 100 DM,1-4 years,4,Female: divorced/separated/married,No other debtors,1,Car or other,23,Bank,Own,1,Skilled employee,1,No,Yes,Female,Under 25,0
936,0-200 DM,30,Delay in paying in the past,Radio / television,1919,100-500 DM,< 1 year,4,Male: single,No other debtors,3,Unknown / no property,30,Stores,Own,2,Management / self-employed / highly qualified,1,No,Yes,Male,25 and over,1
937,>= 200 DM,9,Existing credits paid duly,Radio / television,745,< 100 DM,1-4 years,3,Female: divorced/separated/married,No other debtors,2,Real estate,28,No other plans,Own,1,Unskilled resident,1,No,Yes,Female,25 and over,1
938,0-200 DM,6,Existing credits paid duly,Radio / television,2063,< 100 DM,< 1 year,4,Male: married/widowed,No other debtors,3,Car or other,30,No other plans,Rent,1,Management / self-employed / highly qualified,1,Yes,Yes,Male,25 and over,0
939,0-200 DM,60,Existing credits paid duly,Education,6288,< 100 DM,1-4 years,4,Male: single,No other debtors,4,Unknown / no property,42,No other plans,For free,1,Skilled employee,1,No,Yes,Male,25 and over,1
940,No checking account,24,Critical account / other credits,Car (used),6842,Unknown / no savings,1-4 years,2,Male: single,No other debtors,4,Building society savings / life insurance,46,No other plans,Own,2,Management / self-employed / highly qualified,2,Yes,Yes,Male,25 and over,0
941,No checking account,12,Existing credits paid duly,Car (new),3527,Unknown / no savings,< 1 year,2,Male: single,No other debtors,3,Building society savings / life insurance,45,No other plans,Own,1,Management / self-employed / highly qualified,2,Yes,Yes,Male,25 and over,0
942,No checking account,10,Existing credits paid duly,Car (new),1546,< 100 DM,1-4 years,3,Male: single,No other debtors,2,Real estate,31,No other plans,Own,1,Unskilled resident,2,No,No,Male,25 and over,0
943,No checking account,24,Existing credits paid duly,Furniture / equipment,929,Unknown / no savings,4-7 years,4,Male: single,No other debtors,2,Car or other,31,Stores,Own,1,Skilled employee,1,Yes,Yes,Male,25 and over,0
944,No checking account,4,Critical account / other credits,Car (new),1455,< 100 DM,4-7 years,2,Male: single,No other debtors,1,Real estate,42,No other plans,Own,3,Unskilled resident,2,No,Yes,Male,25 and over,0
945,< 0 DM,15,Existing credits paid duly,Furniture / equipment,1845,< 100 DM,< 1 year,4,Female: divorced/separated/married,Guarantor,1,Building society savings / life insurance,46,No other plans,Rent,1,Skilled employee,1,No,Yes,Female,25 and over,0
946,0-200 DM,48,No credits / all paid duly,Car (new),8358,500-1000 DM,< 1 year,1,Female: divorced/separated/married,No other debtors,1,Car or other,30,No other plans,Own,2,Skilled employee,1,No,Yes,Female,25 and over,0
947,< 0 DM,24,All credits at this bank paid duly,Furniture / equipment,3349,500-1000 DM,< 1 year,4,Male: single,No other debtors,4,Unknown / no property,30,No other plans,For free,1,Skilled employee,2,Yes,Yes,Male,25 and over,1
948,No checking account,12,Existing credits paid duly,Car (new),2859,Unknown / no savings,Unemployed,4,Male: single,No other debtors,4,Unknown / no property,38,No other plans,Own,1,Management / self-employed / highly qualified,1,Yes,Yes,Male,25 and over,0
949,No checking account,18,Existing credits paid duly,Furniture / equipment,1533,< 100 DM,< 1 year,4,Male: married/widowed,Co-applicant,1,Building society savings / life insurance,43,No other plans,Own,1,Unskilled resident,2,No,Yes,Male,25 and over,1
950,No checking account,24,Existing credits paid duly,Radio / television,3621,100-500 DM,>= 7 years,2,Male: single,No other debtors,4,Car or other,31,No other plans,Own,2,Skilled employee,1,No,Yes,Male,25 and over,1
951,0-200 DM,18,Critical account / other credits,Business,3590,< 100 DM,Unemployed,3,Male: married/widowed,No other debtors,3,Car or other,40,No other plans,Own,3,Unemployed / unskilled non-resident,2,Yes,Yes,Male,25 and over,0
952,< 0 DM,36,Delay in paying in the past,Business,2145,< 100 DM,4-7 years,2,Male: single,No other debtors,1,Car or other,24,No other plans,Own,2,Skilled employee,1,Yes,Yes,Male,Under 25,1
953,0-200 DM,24,Existing credits paid duly,Car (used),4113,500-1000 DM,< 1 year,3,Female: divorced/separated/married,No other debtors,4,Car or other,28,No other plans,Rent,1,Skilled employee,1,No,Yes,Female,25 and over,1
954,No checking account,36,Existing credits paid duly,Furniture / equipment,10974,< 100 DM,Unemployed,4,Female: divorced/separated/married,No other debtors,2,Car or other,26,No other plans,Own,2,Management / self-employed / highly qualified,1,Yes,Yes,Female,25 and over,1
955,< 0 DM,12,Existing credits paid duly,Car (new),1893,< 100 DM,1-4 years,4,Female: divorced/separated/married,Guarantor,4,Building society savings / life insurance,29,No other plans,Own,1,Skilled employee,1,Yes,Yes,Female,25 and over,0
956,< 0 DM,24,Critical account / other credits,Radio / television,1231,>= 1000 DM,>= 7 years,4,Female: divorced/separated/married,No other debtors,4,Building society savings / life insurance,57,No other plans,Rent,2,Management / self-employed / highly qualified,1,Yes,Yes,Female,25 and over,0
957,>= 200 DM,30,Critical account / other credits,Radio / television,3656,Unknown / no savings,>= 7 years,4,Male: single,No other debtors,4,Building society savings / life insurance,49,Stores,Own,2,Unskilled resident,1,No,Yes,Male,25 and over,0
958,0-200 DM,9,Critical account / other credits,Radio / television,1154,< 100 DM,>= 7 years,2,Male: single,No other debtors,4,Real estate,37,No other plans,Own,3,Unskilled resident,1,No,Yes,Male,25 and over,0
959,< 0 DM,28,Existing credits paid duly,Car (new),4006,< 100 DM,1-4 years,3,Male: single,No other debtors,2,Car or other,45,No other plans,Own,1,Unskilled resident,1,No,Yes,Male,25 and over,1
960,0-200 DM,24,Existing credits paid duly,Furniture / equipment,3069,100-500 DM,>= 7 years,4,Male: single,No other debtors,4,Unknown / no property,30,No other plans,For free,1,Skilled employee,1,No,Yes,Male,25 and over,0
961,No checking account,6,Critical account / other credits,Radio / television,1740,< 100 DM,>= 7 years,2,Male: married/widowed,No other debtors,2,Real estate,30,No other plans,Rent,2,Skilled employee,1,No,Yes,Male,25 and over,0
962,0-200 DM,21,Delay in paying in the past,Car (new),2353,< 100 DM,1-4 years,1,Male: divorced/separated,No other debtors,4,Building society savings / life insurance,47,No other plans,Own,2,Skilled employee,1,No,Yes,Male,25 and over,0
963,No checking account,15,Existing credits paid duly,Car (new),3556,Unknown / no savings,1-4 years,3,Male: single,No other debtors,2,Unknown / no property,29,No other plans,Own,1,Skilled employee,1,No,Yes,Male,25 and over,0
964,No checking account,24,Existing credits paid duly,Radio / television,2397,500-1000 DM,>= 7 years,3,Male: single,No other debtors,2,Car or other,35,Bank,Own,2,Skilled employee,1,Yes,Yes,Male,25 and over,1
965,0-200 DM,6,Existing credits paid duly,Repairs,454,< 100 DM,< 1 year,3,Male: married/widowed,No other debtors,1,Building society savings / life insurance,22,No other plans,Own,1,Unskilled resident,1,No,Yes,Male,Under 25,0
966,0-200 DM,30,Existing credits paid duly,Radio / television,1715,Unknown / no savings,1-4 years,4,Female: divorced/separated/married,No other debtors,1,Car or other,26,No other plans,Own,1,Skilled employee,1,No,Yes,Female,25 and over,0
967,0-200 DM,27,Critical account / other credits,Radio / television,2520,500-1000 DM,1-4 years,4,Male: single,No other debtors,2,Building society savings / life insurance,23,No other plans,Own,2,Unskilled resident,1,No,Yes,Male,Under 25,1
968,No checking account,15,Existing credits paid duly,Radio / television,3568,< 100 DM,>= 7 years,4,Female: divorced/separated/married,No other debtors,2,Car or other,54,Bank,Rent,1,Management / self-employed / highly qualified,1,Yes,Yes,Female,25 and over,0
969,No checking account,42,Existing credits paid duly,Radio / television,7166,Unknown / no savings,4-7 years,2,Male: married/widowed,No other debtors,4,Building society savings / life insurance,29,No other plans,Rent,1,Skilled employee,1,Yes,Yes,Male,25 and over,0
970,< 0 DM,11,Critical account / other credits,Car (new),3939,< 100 DM,1-4 years,1,Male: single,No other debtors,2,Real estate,40,No other plans,Own,2,Unskilled resident,2,No,Yes,Male,25 and over,0
971,0-200 DM,15,Existing credits paid duly,Repairs,1514,100-500 DM,1-4 years,4,Male: single,Guarantor,2,Real estate,22,No other plans,Own,1,Skilled employee,1,No,Yes,Male,Under 25,0
972,No checking account,24,Existing credits paid duly,Car (new),7393,< 100 DM,1-4 years,1,Male: single,No other debtors,4,Building society savings / life insurance,43,No other plans,Own,1,Unskilled resident,2,No,Yes,Male,25 and over,0
973,< 0 DM,24,All credits at this bank paid duly,Car (new),1193,< 100 DM,Unemployed,1,Female: divorced/separated/married,Co-applicant,4,Unknown / no property,29,No other plans,Rent,2,Unemployed / unskilled non-resident,1,No,Yes,Female,25 and over,1
974,< 0 DM,60,Existing credits paid duly,Business,7297,< 100 DM,>= 7 years,4,Male: single,Co-applicant,4,Unknown / no property,36,No other plans,Rent,1,Skilled employee,1,No,Yes,Male,25 and over,1
975,No checking account,30,Critical account / other credits,Radio / television,2831,< 100 DM,1-4 years,4,Female: divorced/separated/married,No other debtors,2,Car or other,33,No other plans,Own,1,Skilled employee,1,Yes,Yes,Female,25 and over,0
976,>= 200 DM,24,Existing credits paid duly,Radio / television,1258,500-1000 DM,1-4 years,3,Female: divorced/separated/married,No other debtors,3,Car or other,57,No other plans,Own,1,Unskilled resident,1,No,Yes,Female,25 and over,0
977,0-200 DM,6,Existing credits paid duly,Radio / television,753,< 100 DM,1-4 years,2,Female: divorced/separated/married,Guarantor,3,Real estate,64,No other plans,Own,1,Skilled employee,1,No,Yes,Female,25 and over,0
978,0-200 DM,18,Delay in paying in the past,Business,2427,Unknown / no savings,>= 7 years,4,Male: single,No other debtors,2,Building society savings / life insurance,42,No other plans,Own,2,Skilled employee,1,No,Yes,Male,25 and over,0
979,No checking account,24,Delay in paying in the past,Car (new),2538,< 100 DM,>= 7 years,4,Male: single,No other debtors,4,Car or other,47,No other plans,Own,2,Unskilled resident,2,No,Yes,Male,25 and over,1
980,0-200 DM,15,All credits at this bank paid duly,Car (new),1264,100-500 DM,1-4 years,2,Male: married/widowed,No other debtors,2,Building society savings / life insurance,25,No other plans,Rent,1,Skilled employee,1,No,Yes,Male,25 and over,1
981,0-200 DM,30,Critical account / other credits,Furniture / equipment,8386,< 100 DM,4-7 years,2,Male: single,No other debtors,2,Building society savings / life insurance,49,No other plans,Own,1,Skilled employee,1,No,Yes,Male,25 and over,1
982,No checking account,48,Existing credits paid duly,Business,4844,< 100 DM,Unemployed,3,Male: single,No other debtors,2,Car or other,33,Bank,Rent,1,Management / self-employed / highly qualified,1,Yes,Yes,Male,25 and over,1
983,>= 200 DM,21,Existing credits paid duly,Car (new),2923,100-500 DM,1-4 years,1,Female: divorced/separated/married,No other debtors,1,Car or other,28,Bank,Own,1,Management / self-employed / highly qualified,1,Yes,Yes,Female,25 and over,0
984,< 0 DM,36,Existing credits paid duly,Car (used),8229,< 100 DM,1-4 years,2,Male: single,No other debtors,2,Building society savings / life insurance,26,No other plans,Own,1,Skilled employee,2,No,Yes,Male,25 and over,1
985,No checking account,24,Critical account / other credits,Furniture / equipment,2028,< 100 DM,4-7 years,2,Male: single,No other debtors,2,Building society savings / life insurance,30,No other plans,Own,2,Unskilled resident,1,No,Yes,Male,25 and over,0
986,< 0 DM,15,Critical account / other credits,Furniture / equipment,1433,< 100 DM,1-4 years,4,Female: divorced/separated/married,No other debtors,3,Building society savings / life insurance,25,No other plans,Rent,2,Skilled employee,1,No,Yes,Female,25 and over,0
987,>= 200 DM,42,No credits / all paid duly,Business,6289,< 100 DM,< 1 year,2,Male: divorced/separated,No other debtors,1,Building society savings / life insurance,33,No other plans,Own,2,Skilled employee,1,No,Yes,Male,25 and over,0
988,No checking account,13,Existing credits paid duly,Radio / television,1409,100-500 DM,Unemployed,2,Female: divorced/separated/married,No other debtors,4,Real estate,64,No other plans,Own,1,Skilled employee,1,No,Yes,Female,25 and over,0
989,< 0 DM,24,Existing credits paid duly,Car (used),6579,< 100 DM,Unemployed,4,Male: single,No other debtors,2,Unknown / no property,29,No other plans,For free,1,Management / self-employed / highly qualified,1,Yes,Yes,Male,25 and over,0
990,0-200 DM,24,Critical account / other credits,Radio / television,1743,< 100 DM,>= 7 years,4,Male: single,No other debtors,2,Building society savings / life insurance,48,No other plans,Own,2,Unskilled resident,1,No,Yes,Male,25 and over,0
991,No checking account,12,Critical account / other credits,Education,3565,Unknown / no savings,< 1 year,2,Male: single,No other debtors,1,Building society savings / life insurance,37,No other plans,Own,2,Unskilled resident,2,No,Yes,Male,25 and over,0
992,No checking account,15,All credits at this bank paid duly,Radio / television,1569,100-500 DM,>= 7 years,4,Male: single,No other debtors,4,Car or other,34,Bank,Own,1,Unskilled resident,2,No,Yes,Male,25 and over,0
993,< 0 DM,18,Existing credits paid duly,Radio / television,1936,Unknown / no savings,4-7 years,2,Male: married/widowed,No other debtors,4,Car or other,23,No other plans,Rent,2,Unskilled resident,1,No,Yes,Male,Under 25,0
994,< 0 DM,36,Existing credits paid duly,Furniture / equipment,3959,< 100 DM,Unemployed,4,Male: single,No other debtors,3,Building society savings / life insurance,30,No other plans,Own,1,Management / self-employed / highly qualified,1,Yes,Yes,Male,25 and over,0
995,No checking account,12,Existing credits paid duly,Car (new),2390,Unknown / no savings,>= 7 years,4,Male: single,No other debtors,3,Car or other,50,No other plans,Own,1,Skilled employee,1,Yes,Yes,Male,25 and over,0
996,No checking account,12,Existing credits paid duly,Furniture / equipment,1736,< 100 DM,4-7 years,3,Female: divorced/separated/married,No other debtors,4,Real estate,31,No other plans,Own,1,Unskilled resident,1,No,Yes,Female,25 and over,0
997,< 0 DM,30,Existing credits paid duly,Car (used),3857,< 100 DM,1-4 years,4,Male: divorced/separated,No other debtors,4,Building society savings / life insurance,40,No other plans,Own,1,Management / self-employed / highly qualified,1,Yes,Yes,Male,25 and over,0
998,No checking account,12,Existing credits paid duly,Radio / television,804,< 100 DM,>= 7 years,4,Male: single,No other debtors,4,Car or other,38,No other plans,Own,1,Skilled employee,1,No,Yes,Male,25 and over,0
999,< 0 DM,45,Existing credits paid duly,Radio / television,1845,< 100 DM,1-4 years,4,Male: single,No other debtors,4,Unknown / no property,23,No other plans,For free,1,Skilled employee,1,Yes,Yes,Male,Under 25,1
1000,0-200 DM,45,Critical account / other credits,Car (used),4576,100-500 DM,Unemployed,3,Male: single,No other debtors,4,Car or other,27,No other plans,Own,1,Skilled employee,1,No,Yes,Male,25 and over,0
